"ref_area.label","source.label","indicator.label","classif1.label","time","obs_value","note_classif.label","note_indicator.label","note_source.label"
"Aruba","CPS - Consumer Price Survey","National consumer price index (CPI), annual rate of change (%) - discontinued","COICOP2018: General - Individual consumption expenditure of households","2014M12",2.206,,"Frequency: Monthly",
"Aruba","CPS - Consumer Price Survey","National consumer price index (CPI), annual rate of change (%) - discontinued","COICOP2018: 1. Food and non-alcoholic beverages","2014M12",6.437,,"Frequency: Monthly",
"Afghanistan","CPS - Consumer Price Survey","National consumer price index (CPI), annual rate of change (%) - discontinued","COICOP2018: General - Individual consumption expenditure of households","2005M12",12.259,,"Frequency: Monthly","Geographical coverage: Main city or metropolitan area"
"Afghanistan","CPS - Consumer Price Survey","National consumer price index (CPI), annual rate of change (%) - discontinued","COICOP2018: 1. Food and non-alcoholic beverages","2005M12",11.082,,"Frequency: Monthly","Geographical coverage: Main city or metropolitan area"
"Angola","CPS - Consumer Price Survey","National consumer price index (CPI), annual rate of change (%) - discontinued","COICOP2018: General - Individual consumption expenditure of households","2014M12",7.48,,"Frequency: Monthly","Geographical coverage: Main city or metropolitan area"
"Albania","CPS - Consumer Price Survey","National consumer price index (CPI), annual rate of change (%) - discontinued","COICOP2018: General - Individual consumption expenditure of households","2014M12",0.689,,"Frequency: Monthly",
"Albania","CPS - Consumer Price Survey","National consumer price index (CPI), annual rate of change (%) - discontinued","COICOP2018: 1. Food and non-alcoholic beverages","2014M12",0.399,,"Frequency: Monthly",
"Andorra","CPS - Consumer Price Survey","National consumer price index (CPI), annual rate of change (%) - discontinued","COICOP2018: General - Individual consumption expenditure of households","2014M12",-0.114,,"Frequency: Monthly",
"Andorra","CPS - Consumer Price Survey","National consumer price index (CPI), annual rate of change (%) - discontinued","COICOP2018: 1. Food and non-alcoholic beverages","2014M12",1.964,"Nonstandard COICOP classification: Food, beverages and tobacco","Frequency: Monthly",
"Netherlands Antilles","CPS - Consumer Price Survey","National consumer price index (CPI), annual rate of change (%) - discontinued","COICOP2018: General - Individual consumption expenditure of households","2014M12",1.714,,"Frequency: Monthly","Geographical coverage: Main city or metropolitan area"
"Netherlands Antilles","CPS - Consumer Price Survey","National consumer price index (CPI), annual rate of change (%) - discontinued","COICOP2018: 1. Food and non-alcoholic beverages","2014M12",7.459,,"Frequency: Monthly","Geographical coverage: Main city or metropolitan area"
"Argentina","CPS - Consumer Price Index","National consumer price index (CPI), annual rate of change (%) - discontinued","COICOP2018: General - Individual consumption expenditure of households","2013M12",10.946,,"Frequency: Monthly","Geographical coverage: Main city or metropolitan area"
"Argentina","CPS - Consumer Price Index","National consumer price index (CPI), annual rate of change (%) - discontinued","COICOP2018: 1. Food and non-alcoholic beverages","2013M12",9.323,,"Frequency: Monthly","Geographical coverage: Main city or metropolitan area"
"Armenia","CPS - Consumer Price Survey","National consumer price index (CPI), annual rate of change (%) - discontinued","COICOP2018: General - Individual consumption expenditure of households","2014M12",4.545,,"Frequency: Monthly",
"Armenia","CPS - Consumer Price Survey","National consumer price index (CPI), annual rate of change (%) - discontinued","COICOP2018: 1. Food and non-alcoholic beverages","2014M12",6.245,,"Frequency: Monthly",
"American Samoa","CPS - Retail Price Index","National consumer price index (CPI), annual rate of change (%) - discontinued","COICOP2018: General - Individual consumption expenditure of households","2011M11",7.966,"Nonstandard COICOP classification: Excluding rents","Frequency: Monthly",
"American Samoa","CPS - Retail Price Index","National consumer price index (CPI), annual rate of change (%) - discontinued","COICOP2018: 1. Food and non-alcoholic beverages","2011M11",4.697,,"Frequency: Monthly",
"Antigua and Barbuda","CPS - Cost of Living Index","National consumer price index (CPI), annual rate of change (%) - discontinued","COICOP2018: General - Individual consumption expenditure of households","2001M12",1.681,,"Frequency: Monthly",
"Antigua and Barbuda","CPS - Cost of Living Index","National consumer price index (CPI), annual rate of change (%) - discontinued","COICOP2018: 1. Food and non-alcoholic beverages","2001M12",2.951,,"Frequency: Monthly",
"Austria","CPS - Consumer Price Survey","National consumer price index (CPI), annual rate of change (%) - discontinued","COICOP2018: General - Individual consumption expenditure of households","2014M12",1.007,,"Frequency: Monthly",
"Austria","CPS - Consumer Price Survey","National consumer price index (CPI), annual rate of change (%) - discontinued","COICOP2018: 1. Food and non-alcoholic beverages","2014M12",0.974,,"Frequency: Monthly",
"Azerbaijan","CPS - Consumer Price Survey","National consumer price index (CPI), annual rate of change (%) - discontinued","COICOP2018: General - Individual consumption expenditure of households","2010M12",7.932,,"Frequency: Monthly",
"Azerbaijan","CPS - Consumer Price Survey","National consumer price index (CPI), annual rate of change (%) - discontinued","COICOP2018: 1. Food and non-alcoholic beverages","2010M12",12.689,"Nonstandard COICOP classification: Food, beverages and tobacco","Frequency: Monthly",
"Burundi","CPS - Consumer Price Index for households in Bujumbura","National consumer price index (CPI), annual rate of change (%) - discontinued","COICOP2018: General - Individual consumption expenditure of households","2013M12",9.015,,"Frequency: Monthly","Geographical coverage: Main city or metropolitan area"
"Burundi","CPS - Consumer Price Index for households in Bujumbura","National consumer price index (CPI), annual rate of change (%) - discontinued","COICOP2018: 1. Food and non-alcoholic beverages","2013M12",10.712,,"Frequency: Monthly","Geographical coverage: Main city or metropolitan area"
"Belgium","CPS - Consumer Price Index","National consumer price index (CPI), annual rate of change (%) - discontinued","COICOP2018: General - Individual consumption expenditure of households","2014M12",-0.383,,"Frequency: Monthly",
"Belgium","CPS - Consumer Price Index","National consumer price index (CPI), annual rate of change (%) - discontinued","COICOP2018: 1. Food and non-alcoholic beverages","2014M12",-1.117,,"Frequency: Monthly",
"Benin","CPS - Consumer Price Survey","National consumer price index (CPI), annual rate of change (%) - discontinued","COICOP2018: General - Individual consumption expenditure of households","2014M12",-0.714,,"Frequency: Monthly","Geographical coverage: Main city or metropolitan area"
"Benin","CPS - Consumer Price Survey","National consumer price index (CPI), annual rate of change (%) - discontinued","COICOP2018: 1. Food and non-alcoholic beverages","2014M12",-3.411,,"Frequency: Monthly","Geographical coverage: Main city or metropolitan area"
"Burkina Faso","CPS - Consumer Price Index","National consumer price index (CPI), annual rate of change (%) - discontinued","COICOP2018: General - Individual consumption expenditure of households","2014M12",-0.186,,"Frequency: Monthly","Geographical coverage: Main city or metropolitan area"
"Burkina Faso","CPS - Consumer Price Index","National consumer price index (CPI), annual rate of change (%) - discontinued","COICOP2018: 1. Food and non-alcoholic beverages","2014M12",-2.005,,"Frequency: Monthly","Geographical coverage: Main city or metropolitan area"
"Bangladesh","CPS - Consumer Price Survey","National consumer price index (CPI), annual rate of change (%) - discontinued","COICOP2018: General - Individual consumption expenditure of households","2014M12",6.108,,"Frequency: Monthly","Population coverage: Government official"
"Bangladesh","CPS - Consumer Price Survey","National consumer price index (CPI), annual rate of change (%) - discontinued","COICOP2018: 1. Food and non-alcoholic beverages","2014M12",5.862,"Nonstandard COICOP classification: Food, beverages and tobacco","Frequency: Monthly","Population coverage: Government official"
"Bulgaria","CPS - Consumer Price Survey","National consumer price index (CPI), annual rate of change (%) - discontinued","COICOP2018: General - Individual consumption expenditure of households","2014M12",-0.875,,"Frequency: Monthly",
"Bulgaria","CPS - Consumer Price Survey","National consumer price index (CPI), annual rate of change (%) - discontinued","COICOP2018: 1. Food and non-alcoholic beverages","2014M12",-0.913,,"Frequency: Monthly",
"Bahrain","CPS - Consumer Price Survey","National consumer price index (CPI), annual rate of change (%) - discontinued","COICOP2018: General - Individual consumption expenditure of households","2014M12",2.502,,"Frequency: Monthly",
"Bahrain","CPS - Consumer Price Survey","National consumer price index (CPI), annual rate of change (%) - discontinued","COICOP2018: 1. Food and non-alcoholic beverages","2014M12",2.619,"Nonstandard COICOP classification: Food, beverages and tobacco","Frequency: Monthly",
"Bahamas","CPS - Consumer Price Survey","National consumer price index (CPI), annual rate of change (%) - discontinued","COICOP2018: General - Individual consumption expenditure of households","2014M12",0.244,,"Frequency: Monthly",
"Bahamas","CPS - Consumer Price Survey","National consumer price index (CPI), annual rate of change (%) - discontinued","COICOP2018: 1. Food and non-alcoholic beverages","2014M12",-0.019,,"Frequency: Monthly",
"Bosnia and Herzegovina","CPS - Consumer Price Survey","National consumer price index (CPI), annual rate of change (%) - discontinued","COICOP2018: General - Individual consumption expenditure of households","2014M12",-0.477,,"Frequency: Monthly",
"Bosnia and Herzegovina","CPS - Consumer Price Survey","National consumer price index (CPI), annual rate of change (%) - discontinued","COICOP2018: 1. Food and non-alcoholic beverages","2014M12",-0.764,,"Frequency: Monthly",
"Belarus","CPS - Consumer Price Survey","National consumer price index (CPI), annual rate of change (%) - discontinued","COICOP2018: General - Individual consumption expenditure of households","2011M07",48.402,,"Frequency: Monthly",
"Belarus","CPS - Consumer Price Survey","National consumer price index (CPI), annual rate of change (%) - discontinued","COICOP2018: 1. Food and non-alcoholic beverages","2011M07",58.148,,"Frequency: Monthly",
"Belize","CPS - Consumer Price Survey","National consumer price index (CPI), annual rate of change (%) - discontinued","COICOP2018: General - Individual consumption expenditure of households","2014M12",-0.29,,"Frequency: Monthly",
"Belize","CPS - Consumer Price Survey","National consumer price index (CPI), annual rate of change (%) - discontinued","COICOP2018: 1. Food and non-alcoholic beverages","2014M12",-1.295,,"Frequency: Monthly",
"Bermuda","CPS - Consumer Price Survey","National consumer price index (CPI), annual rate of change (%) - discontinued","COICOP2018: General - Individual consumption expenditure of households","2014M12",1.552,,"Frequency: Monthly",
"Bermuda","CPS - Consumer Price Survey","National consumer price index (CPI), annual rate of change (%) - discontinued","COICOP2018: 1. Food and non-alcoholic beverages","2014M12",3.941,,"Frequency: Monthly",
"Bolivia (Plurinational State of)","CPS - Consumer Price Index","National consumer price index (CPI), annual rate of change (%) - discontinued","COICOP2018: General - Individual consumption expenditure of households","2014M12",5.198,,"Frequency: Monthly","Geographical coverage: Urban areas only"
"Bolivia (Plurinational State of)","CPS - Consumer Price Index","National consumer price index (CPI), annual rate of change (%) - discontinued","COICOP2018: 1. Food and non-alcoholic beverages","2014M12",6.905,,"Frequency: Monthly","Geographical coverage: Urban areas only"
"Brazil","CPS - Consumer Price Index","National consumer price index (CPI), annual rate of change (%) - discontinued","COICOP2018: General - Individual consumption expenditure of households","2014M12",6.407,,"Frequency: Monthly",
"Brazil","CPS - Consumer Price Index","National consumer price index (CPI), annual rate of change (%) - discontinued","COICOP2018: 1. Food and non-alcoholic beverages","2014M12",8.031,"Nonstandard COICOP classification: Food and beverages","Frequency: Monthly",
"Barbados","CPS - Index of Retail Prices","National consumer price index (CPI), annual rate of change (%) - discontinued","COICOP2018: General - Individual consumption expenditure of households","2014M12",2.271,,"Frequency: Monthly",
"Barbados","CPS - Index of Retail Prices","National consumer price index (CPI), annual rate of change (%) - discontinued","COICOP2018: 1. Food and non-alcoholic beverages","2014M12",2.953,,"Frequency: Monthly",
"Brunei Darussalam","CPS - Consumer Price Survey","National consumer price index (CPI), annual rate of change (%) - discontinued","COICOP2018: General - Individual consumption expenditure of households","2014M12",1.295,,"Frequency: Monthly",
"Brunei Darussalam","CPS - Consumer Price Survey","National consumer price index (CPI), annual rate of change (%) - discontinued","COICOP2018: 1. Food and non-alcoholic beverages","2014M12",-0.4,,"Frequency: Monthly",
"Bhutan","CPS - Consumer Price Survey","National consumer price index (CPI), annual rate of change (%) - discontinued","COICOP2018: General - Individual consumption expenditure of households","2014M12",6.385,,"Frequency: Monthly",
"Bhutan","CPS - Consumer Price Survey","National consumer price index (CPI), annual rate of change (%) - discontinued","COICOP2018: 1. Food and non-alcoholic beverages","2014M12",5.109,,"Frequency: Monthly",
"Botswana","CPS - Consumer Price Survey","National consumer price index (CPI), annual rate of change (%) - discontinued","COICOP2018: General - Individual consumption expenditure of households","2014M12",3.727,,"Frequency: Monthly",
"Botswana","CPS - Consumer Price Survey","National consumer price index (CPI), annual rate of change (%) - discontinued","COICOP2018: 1. Food and non-alcoholic beverages","2014M12",2.56,,"Frequency: Monthly",
"Central African Republic","CPS - Consumer Price Index","National consumer price index (CPI), annual rate of change (%) - discontinued","COICOP2018: General - Individual consumption expenditure of households","2014M06",25.57,"Nonstandard COICOP classification: Excluding rents","Frequency: Monthly","Geographical coverage: Main city or metropolitan area"
"Central African Republic","CPS - Consumer Price Index","National consumer price index (CPI), annual rate of change (%) - discontinued","COICOP2018: 1. Food and non-alcoholic beverages","2014M06",38.516,,"Frequency: Monthly","Geographical coverage: Main city or metropolitan area"
"Canada","CPS - Consumer Price Survey","National consumer price index (CPI), annual rate of change (%) - discontinued","COICOP2018: General - Individual consumption expenditure of households","2014M12",1.467,,"Frequency: Monthly",
"Canada","CPS - Consumer Price Survey","National consumer price index (CPI), annual rate of change (%) - discontinued","COICOP2018: 1. Food and non-alcoholic beverages","2014M12",3.698,,"Frequency: Monthly",
"Switzerland","CPS - Consumer Price Survey","National consumer price index (CPI), annual rate of change (%) - discontinued","COICOP2018: General - Individual consumption expenditure of households","2014M12",-0.303,,"Frequency: Monthly",
"Switzerland","CPS - Consumer Price Survey","National consumer price index (CPI), annual rate of change (%) - discontinued","COICOP2018: 1. Food and non-alcoholic beverages","2014M12",0.203,,"Frequency: Monthly",
"Chile","CPS - Consumer Price Index","National consumer price index (CPI), annual rate of change (%) - discontinued","COICOP2018: General - Individual consumption expenditure of households","2013M12",3.011,,"Frequency: Monthly",
"Chile","CPS - Consumer Price Index","National consumer price index (CPI), annual rate of change (%) - discontinued","COICOP2018: 1. Food and non-alcoholic beverages","2013M12",4.939,,"Frequency: Monthly",
"China","CPS - Consumer Price Survey","National consumer price index (CPI), annual rate of change (%) - discontinued","COICOP2018: General - Individual consumption expenditure of households","2014M12",1.53,,"Frequency: Monthly",
"China","CPS - Consumer Price Survey","National consumer price index (CPI), annual rate of change (%) - discontinued","COICOP2018: 1. Food and non-alcoholic beverages","2014M12",2.928,,"Frequency: Monthly",
"Côte d'Ivoire","CPS - Consumer Price Index, Africans","National consumer price index (CPI), annual rate of change (%) - discontinued","COICOP2018: General - Individual consumption expenditure of households","2014M09",0.09,,"Frequency: Monthly","Geographical coverage: Main city or metropolitan area | Population coverage: Africans"
"Côte d'Ivoire","CPS - Consumer Price Index, Africans","National consumer price index (CPI), annual rate of change (%) - discontinued","COICOP2018: 1. Food and non-alcoholic beverages","2014M09",-3.125,,"Frequency: Monthly","Geographical coverage: Main city or metropolitan area | Population coverage: Africans"
"Cameroon","CPS - Consumer Price Survey","National consumer price index (CPI), annual rate of change (%) - discontinued","COICOP2018: General - Individual consumption expenditure of households","2014M12",3.923,,"Frequency: Monthly",
"Cameroon","CPS - Consumer Price Survey","National consumer price index (CPI), annual rate of change (%) - discontinued","COICOP2018: 1. Food and non-alcoholic beverages","2014M12",0.275,,"Frequency: Monthly",
"Congo, Democratic Republic of the","CPS - Consumer Price Survey","National consumer price index (CPI), annual rate of change (%) - discontinued","COICOP2018: General - Individual consumption expenditure of households","2014M12",1.03,,"Frequency: Monthly","Geographical coverage: Main city or metropolitan area"
"Congo, Democratic Republic of the","CPS - Consumer Price Survey","National consumer price index (CPI), annual rate of change (%) - discontinued","COICOP2018: 1. Food and non-alcoholic beverages","2014M12",1.179,,"Frequency: Monthly","Geographical coverage: Main city or metropolitan area"
"Congo","CPS - Consumer Price Index, Africans","National consumer price index (CPI), annual rate of change (%) - discontinued","COICOP2018: 1. Food and non-alcoholic beverages","2014M05",-2.186,,"Frequency: Monthly","Geographical coverage: Main city or metropolitan area | Population coverage: Africans"
"Cook Islands","CPS - Consumer Price Survey","National consumer price index (CPI), annual rate of change (%) - discontinued","COICOP2018: General - Individual consumption expenditure of households","2014M11",2.593,,"Frequency: Monthly","Geographical coverage: Main city or metropolitan area"
"Cook Islands","CPS - Consumer Price Survey","National consumer price index (CPI), annual rate of change (%) - discontinued","COICOP2018: 1. Food and non-alcoholic beverages","2014M11",2.732,"Nonstandard COICOP classification: Food","Frequency: Monthly","Geographical coverage: Main city or metropolitan area"
"Colombia","CPS - Consumer Price Index","National consumer price index (CPI), annual rate of change (%) - discontinued","COICOP2018: General - Individual consumption expenditure of households","2014M12",3.779,,"Frequency: Monthly","Population coverage: Low income group"
"Colombia","CPS - Consumer Price Index","National consumer price index (CPI), annual rate of change (%) - discontinued","COICOP2018: 1. Food and non-alcoholic beverages","2014M12",4.941,,"Frequency: Monthly","Population coverage: Low income group"
"Cabo Verde","CPS - Consumer Price Index","National consumer price index (CPI), annual rate of change (%) - discontinued","COICOP2018: General - Individual consumption expenditure of households","2014M12",-0.415,,"Frequency: Monthly",
"Cabo Verde","CPS - Consumer Price Index","National consumer price index (CPI), annual rate of change (%) - discontinued","COICOP2018: 1. Food and non-alcoholic beverages","2014M12",-0.241,,"Frequency: Monthly",
"Costa Rica","CPS - Consumer Price Index","National consumer price index (CPI), annual rate of change (%) - discontinued","COICOP2018: General - Individual consumption expenditure of households","2014M12",5.127,,"Frequency: Monthly","Geographical coverage: Urban areas only"
"Costa Rica","CPS - Consumer Price Index","National consumer price index (CPI), annual rate of change (%) - discontinued","COICOP2018: 1. Food and non-alcoholic beverages","2014M12",6.331,,"Frequency: Monthly","Geographical coverage: Urban areas only"
"Cuba","CPS - Consumer Price Index","National consumer price index (CPI), annual rate of change (%) - discontinued","COICOP2018: General - Individual consumption expenditure of households","2008M12",-0.081,,"Frequency: Monthly",
"Cuba","CPS - Consumer Price Index","National consumer price index (CPI), annual rate of change (%) - discontinued","COICOP2018: 1. Food and non-alcoholic beverages","2008M12",-0.635,"Nonstandard COICOP classification: Food and beverages","Frequency: Monthly",
"Cyprus","CPS - Consumer Price Survey","National consumer price index (CPI), annual rate of change (%) - discontinued","COICOP2018: General - Individual consumption expenditure of households","2014M12",-1.464,,"Frequency: Monthly",
"Cyprus","CPS - Consumer Price Survey","National consumer price index (CPI), annual rate of change (%) - discontinued","COICOP2018: 1. Food and non-alcoholic beverages","2014M12",-2.247,,"Frequency: Monthly",
"Czechia","CPS - Consumer Price Survey","National consumer price index (CPI), annual rate of change (%) - discontinued","COICOP2018: General - Individual consumption expenditure of households","2014M12",0.073,,"Frequency: Monthly",
"Czechia","CPS - Consumer Price Survey","National consumer price index (CPI), annual rate of change (%) - discontinued","COICOP2018: 1. Food and non-alcoholic beverages","2014M12",-0.435,,"Frequency: Monthly",
"Germany","CPS - Consumer Price Survey","National consumer price index (CPI), annual rate of change (%) - discontinued","COICOP2018: General - Individual consumption expenditure of households","2014M12",0.188,,"Frequency: Monthly",
"Germany","CPS - Consumer Price Survey","National consumer price index (CPI), annual rate of change (%) - discontinued","COICOP2018: 1. Food and non-alcoholic beverages","2014M12",-0.626,,"Frequency: Monthly",
"Dominica","CPS - Retail Price Index","National consumer price index (CPI), annual rate of change (%) - discontinued","COICOP2018: General - Individual consumption expenditure of households","2008M12",1.99,,"Frequency: Monthly",
"Dominica","CPS - Retail Price Index","National consumer price index (CPI), annual rate of change (%) - discontinued","COICOP2018: 1. Food and non-alcoholic beverages","2008M12",8.753,,"Frequency: Monthly",
"Denmark","CPS - Consumer Price Survey","National consumer price index (CPI), annual rate of change (%) - discontinued","COICOP2018: General - Individual consumption expenditure of households","2014M12",0.308,,"Frequency: Monthly",
"Denmark","CPS - Consumer Price Survey","National consumer price index (CPI), annual rate of change (%) - discontinued","COICOP2018: 1. Food and non-alcoholic beverages","2014M12",-0.669,,"Frequency: Monthly",
"Dominican Republic","CPS - Consumer Price Index","National consumer price index (CPI), annual rate of change (%) - discontinued","COICOP2018: General - Individual consumption expenditure of households","2014M12",1.582,,"Frequency: Monthly",
"Dominican Republic","CPS - Consumer Price Index","National consumer price index (CPI), annual rate of change (%) - discontinued","COICOP2018: 1. Food and non-alcoholic beverages","2014M12",7.051,,"Frequency: Monthly",
"Algeria","CPS - Consumer Price Index","National consumer price index (CPI), annual rate of change (%) - discontinued","COICOP2018: General - Individual consumption expenditure of households","2014M12",4.665,,"Frequency: Monthly",
"Algeria","CPS - Consumer Price Index","National consumer price index (CPI), annual rate of change (%) - discontinued","COICOP2018: 1. Food and non-alcoholic beverages","2014M12",5.249,,"Frequency: Monthly",
"Ecuador","CPS - Consumer Price Index","National consumer price index (CPI), annual rate of change (%) - discontinued","COICOP2018: General - Individual consumption expenditure of households","2014M12",3.664,,"Frequency: Monthly",
"Ecuador","CPS - Consumer Price Index","National consumer price index (CPI), annual rate of change (%) - discontinued","COICOP2018: 1. Food and non-alcoholic beverages","2014M12",4.468,,"Frequency: Monthly",
"Egypt","CPS - Consumer Price Survey","National consumer price index (CPI), annual rate of change (%) - discontinued","COICOP2018: General - Individual consumption expenditure of households","2014M12",10.128,,"Frequency: Monthly",
"Egypt","CPS - Consumer Price Survey","National consumer price index (CPI), annual rate of change (%) - discontinued","COICOP2018: 1. Food and non-alcoholic beverages","2014M12",8.402,,"Frequency: Monthly",
"Spain","CPS - Consumer Price Index","National consumer price index (CPI), annual rate of change (%) - discontinued","COICOP2018: General - Individual consumption expenditure of households","2014M12",-1.042,,"Frequency: Monthly",
"Spain","CPS - Consumer Price Index","National consumer price index (CPI), annual rate of change (%) - discontinued","COICOP2018: 1. Food and non-alcoholic beverages","2014M12",-0.332,,"Frequency: Monthly",
"Estonia","CPS - Consumer Price Survey","National consumer price index (CPI), annual rate of change (%) - discontinued","COICOP2018: General - Individual consumption expenditure of households","2014M12",-0.488,,"Frequency: Monthly",
"Estonia","CPS - Consumer Price Survey","National consumer price index (CPI), annual rate of change (%) - discontinued","COICOP2018: 1. Food and non-alcoholic beverages","2014M12",-0.4,,"Frequency: Monthly",
"Ethiopia","CPS - Consumer Price Survey","National consumer price index (CPI), annual rate of change (%) - discontinued","COICOP2018: General - Individual consumption expenditure of households","2014M12",7.108,,"Frequency: Monthly",
"Ethiopia","CPS - Consumer Price Survey","National consumer price index (CPI), annual rate of change (%) - discontinued","COICOP2018: 1. Food and non-alcoholic beverages","2014M12",6.481,,"Frequency: Monthly",
"Finland","CPS - Consumer Price Survey","National consumer price index (CPI), annual rate of change (%) - discontinued","COICOP2018: General - Individual consumption expenditure of households","2014M12",0.47,,"Frequency: Monthly",
"Finland","CPS - Consumer Price Survey","National consumer price index (CPI), annual rate of change (%) - discontinued","COICOP2018: 1. Food and non-alcoholic beverages","2014M12",-0.951,,"Frequency: Monthly",
"Fiji","CPS - Consumer Price Survey","National consumer price index (CPI), annual rate of change (%) - discontinued","COICOP2018: General - Individual consumption expenditure of households","2014M12",0.081,,"Frequency: Monthly",
"Fiji","CPS - Consumer Price Survey","National consumer price index (CPI), annual rate of change (%) - discontinued","COICOP2018: 1. Food and non-alcoholic beverages","2014M12",1.537,,"Frequency: Monthly",
"Falkland Islands, Malvinas","CPS - Retail Price Index","National consumer price index (CPI), annual rate of change (%) - discontinued","COICOP2018: General - Individual consumption expenditure of households","2003M11",2.022,,"Frequency: Monthly","Geographical coverage: Main city or metropolitan area"
"France","CPS - Consumer Price Index for Urban Households","National consumer price index (CPI), annual rate of change (%) - discontinued","COICOP2018: General - Individual consumption expenditure of households","2014M12",0.07,,"Frequency: Monthly",
"France","CPS - Consumer Price Index for Urban Households","National consumer price index (CPI), annual rate of change (%) - discontinued","COICOP2018: 1. Food and non-alcoholic beverages","2014M12",-0.423,,"Frequency: Monthly",
"Faroe Islands","CPS - Consumer Price Survey","National consumer price index (CPI), annual rate of change (%) - discontinued","COICOP2018: General - Individual consumption expenditure of households","2014M10",-0.586,,"Frequency: Monthly",
"Faroe Islands","CPS - Consumer Price Survey","National consumer price index (CPI), annual rate of change (%) - discontinued","COICOP2018: 1. Food and non-alcoholic beverages","2014M10",0.079,,"Frequency: Monthly",
"Gabon","CPS - Consumer Price Index, Africans","National consumer price index (CPI), annual rate of change (%) - discontinued","COICOP2018: General - Individual consumption expenditure of households","2014M08",5.652,,"Frequency: Monthly","Geographical coverage: Main city or metropolitan area | Population coverage: Africans"
"United Kingdom of Great Britain and Northern Ireland","CPS - Retail Price Index","National consumer price index (CPI), annual rate of change (%) - discontinued","COICOP2018: General - Individual consumption expenditure of households","2014M12",1.618,,"Frequency: Monthly",
"United Kingdom of Great Britain and Northern Ireland","CPS - Retail Price Index","National consumer price index (CPI), annual rate of change (%) - discontinued","COICOP2018: 1. Food and non-alcoholic beverages","2014M12",-1.481,,"Frequency: Monthly",
"Georgia","CPS - Consumer Price Survey","National consumer price index (CPI), annual rate of change (%) - discontinued","COICOP2018: General - Individual consumption expenditure of households","2011M03",13.946,,"Frequency: Monthly","Geographical coverage: Urban areas only"
"Ghana","CPS - Consumer Price Survey","National consumer price index (CPI), annual rate of change (%) - discontinued","COICOP2018: General - Individual consumption expenditure of households","2014M12",16.981,,"Frequency: Monthly",
"Ghana","CPS - Consumer Price Survey","National consumer price index (CPI), annual rate of change (%) - discontinued","COICOP2018: 1. Food and non-alcoholic beverages","2014M12",6.835,,"Frequency: Monthly",
"Gibraltar","CPS - Index of Retail Prices","National consumer price index (CPI), annual rate of change (%) - discontinued","COICOP2018: 1. Food and non-alcoholic beverages","1997M12",3.026,,"Frequency: Monthly",
"Guinea","CPS - Consumer Price Survey","National consumer price index (CPI), annual rate of change (%) - discontinued","COICOP2018: General - Individual consumption expenditure of households","2014M12",8.974,,"Frequency: Monthly","Geographical coverage: Main city or metropolitan area"
"Guadeloupe","CPS - Consumer Price Index","National consumer price index (CPI), annual rate of change (%) - discontinued","COICOP2018: General - Individual consumption expenditure of households","2014M12",0.619,,"Frequency: Monthly",
"Guadeloupe","CPS - Consumer Price Index","National consumer price index (CPI), annual rate of change (%) - discontinued","COICOP2018: 1. Food and non-alcoholic beverages","2014M12",1.413,,"Frequency: Monthly",
"Gambia","CPS - Consumer Price Survey","National consumer price index (CPI), annual rate of change (%) - discontinued","COICOP2018: General - Individual consumption expenditure of households","2014M12",6.9,,"Frequency: Monthly","Geographical coverage: Main city or metropolitan area"
"Gambia","CPS - Consumer Price Survey","National consumer price index (CPI), annual rate of change (%) - discontinued","COICOP2018: 1. Food and non-alcoholic beverages","2014M12",8.32,,"Frequency: Monthly","Geographical coverage: Main city or metropolitan area"
"Guinea-Bissau","CPS - Consumer Price Survey","National consumer price index (CPI), annual rate of change (%) - discontinued","COICOP2018: General - Individual consumption expenditure of households","2014M12",-0.094,,"Frequency: Monthly","Geographical coverage: Main city or metropolitan area"
"Guinea-Bissau","CPS - Consumer Price Survey","National consumer price index (CPI), annual rate of change (%) - discontinued","COICOP2018: 1. Food and non-alcoholic beverages","2014M12",0.551,,"Frequency: Monthly","Geographical coverage: Main city or metropolitan area"
"Equatorial Guinea","CPS - Consumer Price Index","National consumer price index (CPI), annual rate of change (%) - discontinued","COICOP2018: General - Individual consumption expenditure of households","2006M12",3.808,,"Frequency: Monthly","Geographical coverage: Main city or metropolitan area"
"Equatorial Guinea","CPS - Consumer Price Index","National consumer price index (CPI), annual rate of change (%) - discontinued","COICOP2018: 1. Food and non-alcoholic beverages","2006M12",4.434,,"Frequency: Monthly","Geographical coverage: Main city or metropolitan area"
"Greece","CPS - Consumer Price Survey","National consumer price index (CPI), annual rate of change (%) - discontinued","COICOP2018: General - Individual consumption expenditure of households","2014M12",-2.605,,"Frequency: Monthly",
"Greece","CPS - Consumer Price Survey","National consumer price index (CPI), annual rate of change (%) - discontinued","COICOP2018: 1. Food and non-alcoholic beverages","2014M12",-1.191,,"Frequency: Monthly",
"Grenada","CPS - Consumer Price Survey","National consumer price index (CPI), annual rate of change (%) - discontinued","COICOP2018: General - Individual consumption expenditure of households","2003M12",1.639,,"Frequency: Monthly",
"Grenada","CPS - Consumer Price Survey","National consumer price index (CPI), annual rate of change (%) - discontinued","COICOP2018: 1. Food and non-alcoholic beverages","2003M12",2.352,,"Frequency: Monthly",
"Guatemala","CPS - Consumer Price Index","National consumer price index (CPI), annual rate of change (%) - discontinued","COICOP2018: General - Individual consumption expenditure of households","2014M12",2.947,,"Frequency: Monthly",
"Guatemala","CPS - Consumer Price Index","National consumer price index (CPI), annual rate of change (%) - discontinued","COICOP2018: 1. Food and non-alcoholic beverages","2014M12",8.541,,"Frequency: Monthly",
"French Guiana","CPS - Consumer Price Index","National consumer price index (CPI), annual rate of change (%) - discontinued","COICOP2018: General - Individual consumption expenditure of households","2014M12",0.235,,"Frequency: Monthly",
"French Guiana","CPS - Consumer Price Index","National consumer price index (CPI), annual rate of change (%) - discontinued","COICOP2018: 1. Food and non-alcoholic beverages","2014M12",-0.148,,"Frequency: Monthly",
"Guam","CPS - Consumer Price Survey","National consumer price index (CPI), annual rate of change (%) - discontinued","COICOP2018: General - Individual consumption expenditure of households","2014M11",1.813,,"Frequency: Monthly",
"Guam","CPS - Consumer Price Survey","National consumer price index (CPI), annual rate of change (%) - discontinued","COICOP2018: 1. Food and non-alcoholic beverages","2014M11",6.723,"Nonstandard COICOP classification: Food and beverages","Frequency: Monthly",
"Guyana","CPS - Consumer Price Survey, Urban areas","National consumer price index (CPI), annual rate of change (%) - discontinued","COICOP2018: General - Individual consumption expenditure of households","2011M12",3.254,,"Frequency: Monthly","Geographical coverage: Main city or metropolitan area"
"Guyana","CPS - Consumer Price Survey, Urban areas","National consumer price index (CPI), annual rate of change (%) - discontinued","COICOP2018: 1. Food and non-alcoholic beverages","2011M12",2.536,"Nonstandard COICOP classification: Food, beverages and tobacco","Frequency: Monthly","Geographical coverage: Main city or metropolitan area"
"Hong Kong, China","CPS - Consumer Price Survey","National consumer price index (CPI), annual rate of change (%) - discontinued","COICOP2018: General - Individual consumption expenditure of households","2014M12",4.836,,"Frequency: Monthly",
"Hong Kong, China","CPS - Consumer Price Survey","National consumer price index (CPI), annual rate of change (%) - discontinued","COICOP2018: 1. Food and non-alcoholic beverages","2014M12",3.924,,"Frequency: Monthly",
"Honduras","CPS - Consumer Price Index","National consumer price index (CPI), annual rate of change (%) - discontinued","COICOP2018: General - Individual consumption expenditure of households","2014M12",5.82,,"Frequency: Monthly",
"Honduras","CPS - Consumer Price Index","National consumer price index (CPI), annual rate of change (%) - discontinued","COICOP2018: 1. Food and non-alcoholic beverages","2014M12",7.645,"Nonstandard COICOP classification: Food","Frequency: Monthly",
"Croatia","CPS - Consumer Price Index","National consumer price index (CPI), annual rate of change (%) - discontinued","COICOP2018: General - Individual consumption expenditure of households","2014M12",-0.464,,"Frequency: Monthly",
"Haiti","CPS - Consumer Price Index, Metropolitan Area","National consumer price index (CPI), annual rate of change (%) - discontinued","COICOP2018: General - Individual consumption expenditure of households","2014M12",6.442,,"Frequency: Monthly",
"Haiti","CPS - Consumer Price Index, Metropolitan Area","National consumer price index (CPI), annual rate of change (%) - discontinued","COICOP2018: 1. Food and non-alcoholic beverages","2014M12",5.695,"Nonstandard COICOP classification: Food, beverages and tobacco","Frequency: Monthly",
"Hungary","CPS - Consumer Price Survey","National consumer price index (CPI), annual rate of change (%) - discontinued","COICOP2018: General - Individual consumption expenditure of households","2014M12",-0.933,,"Frequency: Monthly",
"Hungary","CPS - Consumer Price Survey","National consumer price index (CPI), annual rate of change (%) - discontinued","COICOP2018: 1. Food and non-alcoholic beverages","2014M12",-0.588,,"Frequency: Monthly",
"Indonesia","CPS - Consumer Price Survey, Combined","National consumer price index (CPI), annual rate of change (%) - discontinued","COICOP2018: General - Individual consumption expenditure of households","2014M12",8.36,,"Frequency: Monthly",
"Isle of Man","CPS - General Index of Retail Prices","National consumer price index (CPI), annual rate of change (%) - discontinued","COICOP2018: General - Individual consumption expenditure of households","2014M12",2.175,,"Frequency: Monthly",
"Isle of Man","CPS - General Index of Retail Prices","National consumer price index (CPI), annual rate of change (%) - discontinued","COICOP2018: 1. Food and non-alcoholic beverages","2014M12",0.968,,"Frequency: Monthly",
"India","CPS - Consumer Price Survey, Industrial Workers","National consumer price index (CPI), annual rate of change (%) - discontinued","COICOP2018: General - Individual consumption expenditure of households","2014M12",5.858,,"Frequency: Monthly","Population coverage: Industrial workers"
"India","CPS - Consumer Price Survey, Industrial Workers","National consumer price index (CPI), annual rate of change (%) - discontinued","COICOP2018: 1. Food and non-alcoholic beverages","2014M12",5.725,,"Frequency: Monthly","Population coverage: Industrial workers"
"Ireland","CPS - Consumer Price Survey","National consumer price index (CPI), annual rate of change (%) - discontinued","COICOP2018: General - Individual consumption expenditure of households","2014M12",-0.296,,"Frequency: Monthly",
"Ireland","CPS - Consumer Price Survey","National consumer price index (CPI), annual rate of change (%) - discontinued","COICOP2018: 1. Food and non-alcoholic beverages","2014M12",-2.587,,"Frequency: Monthly",
"Iran (Islamic Republic of)","CPS - Consumer Price Survey","National consumer price index (CPI), annual rate of change (%) - discontinued","COICOP2018: General - Individual consumption expenditure of households","2014M12",16.703,,"Frequency: Monthly",
"Iran (Islamic Republic of)","CPS - Consumer Price Survey","National consumer price index (CPI), annual rate of change (%) - discontinued","COICOP2018: 1. Food and non-alcoholic beverages","2014M12",13.773,,"Frequency: Monthly",
"Iraq","CPS - Consumer Price Survey","National consumer price index (CPI), annual rate of change (%) - discontinued","COICOP2018: General - Individual consumption expenditure of households","2014M12",1.587,,"Frequency: Monthly",
"Iraq","CPS - Consumer Price Survey","National consumer price index (CPI), annual rate of change (%) - discontinued","COICOP2018: 1. Food and non-alcoholic beverages","2014M12",-0.848,,"Frequency: Monthly",
"Iceland","CPS - Cost of Living Index","National consumer price index (CPI), annual rate of change (%) - discontinued","COICOP2018: General - Individual consumption expenditure of households","2014M12",0.827,,"Frequency: Monthly","Data reference period: Noncalendar year"
"Iceland","CPS - Cost of Living Index","National consumer price index (CPI), annual rate of change (%) - discontinued","COICOP2018: 1. Food and non-alcoholic beverages","2014M12",-0.992,,"Frequency: Monthly","Data reference period: Noncalendar year"
"Israel","CPS - Consumer Price Survey","National consumer price index (CPI), annual rate of change (%) - discontinued","COICOP2018: General - Individual consumption expenditure of households","2014M12",-0.196,,"Frequency: Monthly",
"Israel","CPS - Consumer Price Survey","National consumer price index (CPI), annual rate of change (%) - discontinued","COICOP2018: 1. Food and non-alcoholic beverages","2014M12",-3.575,,"Frequency: Monthly",
"Italy","CPS - Consumer Price Survey","National consumer price index (CPI), annual rate of change (%) - discontinued","COICOP2018: 1. Food and non-alcoholic beverages","2014M12",-0.185,,"Frequency: Monthly",
"Jamaica","CPS - Consumer Price Survey","National consumer price index (CPI), annual rate of change (%) - discontinued","COICOP2018: General - Individual consumption expenditure of households","2014M12",6.36,,"Frequency: Monthly",
"Jamaica","CPS - Consumer Price Survey","National consumer price index (CPI), annual rate of change (%) - discontinued","COICOP2018: 1. Food and non-alcoholic beverages","2014M12",10.065,,"Frequency: Monthly",
"Jersey","CPS - Consumer Price Survey","National consumer price index (CPI), annual rate of change (%) - discontinued","COICOP2018: General - Individual consumption expenditure of households","2014M12",1.343,,"Frequency: Monthly",
"Jersey","CPS - Consumer Price Survey","National consumer price index (CPI), annual rate of change (%) - discontinued","COICOP2018: 1. Food and non-alcoholic beverages","2014M12",-0.483,,"Frequency: Monthly",
"Jordan","CPS - Consumer Price Survey","National consumer price index (CPI), annual rate of change (%) - discontinued","COICOP2018: General - Individual consumption expenditure of households","2014M12",1.135,,"Frequency: Monthly",
"Jordan","CPS - Consumer Price Survey","National consumer price index (CPI), annual rate of change (%) - discontinued","COICOP2018: 1. Food and non-alcoholic beverages","2014M12",0.943,"Nonstandard COICOP classification: Food, beverages and tobacco","Frequency: Monthly",
"Japan","CPS - Consumer Price Survey","National consumer price index (CPI), annual rate of change (%) - discontinued","COICOP2018: General - Individual consumption expenditure of households","2014M12",2.379,,"Frequency: Monthly",
"Japan","CPS - Consumer Price Survey","National consumer price index (CPI), annual rate of change (%) - discontinued","COICOP2018: 1. Food and non-alcoholic beverages","2014M12",3.168,,"Frequency: Monthly",
"Kazakhstan","CPS - Consumer Price Survey","National consumer price index (CPI), annual rate of change (%) - discontinued","COICOP2018: General - Individual consumption expenditure of households","2009M06",7.563,,"Frequency: Monthly",
"Kazakhstan","CPS - Consumer Price Survey","National consumer price index (CPI), annual rate of change (%) - discontinued","COICOP2018: 1. Food and non-alcoholic beverages","2009M06",6.109,"Nonstandard COICOP classification: Food, beverages and tobacco","Frequency: Monthly",
"Kenya","CPS - Consumer Price Survey","National consumer price index (CPI), annual rate of change (%) - discontinued","COICOP2018: General - Individual consumption expenditure of households","2014M12",6.02,,"Frequency: Monthly",
"Kenya","CPS - Consumer Price Survey","National consumer price index (CPI), annual rate of change (%) - discontinued","COICOP2018: 1. Food and non-alcoholic beverages","2014M12",7.71,,"Frequency: Monthly",
"Kyrgyzstan","CPS - Consumer Price Survey","National consumer price index (CPI), annual rate of change (%) - discontinued","COICOP2018: General - Individual consumption expenditure of households","2007M04",3.76,,"Frequency: Monthly",
"Kyrgyzstan","CPS - Consumer Price Survey","National consumer price index (CPI), annual rate of change (%) - discontinued","COICOP2018: 1. Food and non-alcoholic beverages","2007M04",1.89,,"Frequency: Monthly",
"Cambodia","CPS - Consumer Price Survey","National consumer price index (CPI), annual rate of change (%) - discontinued","COICOP2018: General - Individual consumption expenditure of households","2014M12",1.1,,"Frequency: Monthly","Geographical coverage: Main city or metropolitan area"
"Cambodia","CPS - Consumer Price Survey","National consumer price index (CPI), annual rate of change (%) - discontinued","COICOP2018: 1. Food and non-alcoholic beverages","2014M12",3.1,,"Frequency: Monthly","Geographical coverage: Main city or metropolitan area"
"Saint Kitts and Nevis","CPS - Consumer Price Survey","National consumer price index (CPI), annual rate of change (%) - discontinued","COICOP2018: General - Individual consumption expenditure of households","2000M12",3.118,,"Frequency: Monthly","Geographical coverage: Main city or metropolitan area"
"Saint Kitts and Nevis","CPS - Consumer Price Survey","National consumer price index (CPI), annual rate of change (%) - discontinued","COICOP2018: 1. Food and non-alcoholic beverages","2000M12",3.119,,"Frequency: Monthly","Geographical coverage: Main city or metropolitan area"
"Republic of Korea","CPS - Consumer Price Survey","National consumer price index (CPI), annual rate of change (%) - discontinued","COICOP2018: General - Individual consumption expenditure of households","2014M12",0.834,,"Frequency: Monthly",
"Republic of Korea","CPS - Consumer Price Survey","National consumer price index (CPI), annual rate of change (%) - discontinued","COICOP2018: 1. Food and non-alcoholic beverages","2014M12",1.986,,"Frequency: Monthly",
"Kosovo","CPS - Consumer Price Survey","National consumer price index (CPI), annual rate of change (%) - discontinued","COICOP2018: General - Individual consumption expenditure of households","2014M12",-0.47,,"Frequency: Monthly",
"Kosovo","CPS - Consumer Price Survey","National consumer price index (CPI), annual rate of change (%) - discontinued","COICOP2018: 1. Food and non-alcoholic beverages","2014M12",0.9,,"Frequency: Monthly",
"Kuwait","CPS - Consumer Price Survey","National consumer price index (CPI), annual rate of change (%) - discontinued","COICOP2018: General - Individual consumption expenditure of households","2014M12",3.044,,"Frequency: Monthly",
"Kuwait","CPS - Consumer Price Survey","National consumer price index (CPI), annual rate of change (%) - discontinued","COICOP2018: 1. Food and non-alcoholic beverages","2014M12",2.495,"Nonstandard COICOP classification: Food","Frequency: Monthly",
"Lao People's Democratic Republic","CPS - Consumer Price Survey","National consumer price index (CPI), annual rate of change (%) - discontinued","COICOP2018: General - Individual consumption expenditure of households","2014M12",2.402,,"Frequency: Monthly",
"Lebanon","CPS - Consumer Price Survey","National consumer price index (CPI), annual rate of change (%) - discontinued","COICOP2018: General - Individual consumption expenditure of households","2014M12",-0.22,,"Frequency: Monthly",
"Lebanon","CPS - Consumer Price Survey","National consumer price index (CPI), annual rate of change (%) - discontinued","COICOP2018: 1. Food and non-alcoholic beverages","2014M12",2.414,,"Frequency: Monthly",
"Liberia","CPS - Consumer Price Survey","National consumer price index (CPI), annual rate of change (%) - discontinued","COICOP2018: General - Individual consumption expenditure of households","1990M06",12.546,,"Frequency: Monthly","Data reference period: Incomplete year | Geographical coverage: Main city or metropolitan area"
"Liberia","CPS - Consumer Price Survey","National consumer price index (CPI), annual rate of change (%) - discontinued","COICOP2018: 1. Food and non-alcoholic beverages","1990M06",22.035,,"Frequency: Monthly","Data reference period: Incomplete year | Geographical coverage: Main city or metropolitan area"
"Libya","CPS - Consumer Price Survey","National consumer price index (CPI), annual rate of change (%) - discontinued","COICOP2018: 1. Food and non-alcoholic beverages","1979M12",2.935,,"Frequency: Monthly","Geographical coverage: Main city or metropolitan area"
"Saint Lucia","CPS - Consumer Price Survey","National consumer price index (CPI), annual rate of change (%) - discontinued","COICOP2018: General - Individual consumption expenditure of households","2014M12",3.669,,"Frequency: Monthly",
"Saint Lucia","CPS - Consumer Price Survey","National consumer price index (CPI), annual rate of change (%) - discontinued","COICOP2018: 1. Food and non-alcoholic beverages","2014M12",6.328,,"Frequency: Monthly",
"Sri Lanka","CPS - Consumer Price Survey","National consumer price index (CPI), annual rate of change (%) - discontinued","COICOP2018: General - Individual consumption expenditure of households","2014M12",2.096,,"Frequency: Monthly","Geographical coverage: Main city or metropolitan area"
"Sri Lanka","CPS - Consumer Price Survey","National consumer price index (CPI), annual rate of change (%) - discontinued","COICOP2018: 1. Food and non-alcoholic beverages","2014M12",6.961,,"Frequency: Monthly","Geographical coverage: Main city or metropolitan area"
"Lesotho","CPS - Consumer Price Survey","National consumer price index (CPI), annual rate of change (%) - discontinued","COICOP2018: General - Individual consumption expenditure of households","2014M12",3.601,,"Frequency: Monthly",
"Lesotho","CPS - Consumer Price Survey","National consumer price index (CPI), annual rate of change (%) - discontinued","COICOP2018: 1. Food and non-alcoholic beverages","2014M12",5.244,,"Frequency: Monthly",
"Lithuania","CPS - Consumer Price Survey","National consumer price index (CPI), annual rate of change (%) - discontinued","COICOP2018: General - Individual consumption expenditure of households","2014M12",-0.258,,"Frequency: Monthly",
"Lithuania","CPS - Consumer Price Survey","National consumer price index (CPI), annual rate of change (%) - discontinued","COICOP2018: 1. Food and non-alcoholic beverages","2014M12",0.203,,"Frequency: Monthly",
"Luxembourg","CPS - Consumer Price Index","National consumer price index (CPI), annual rate of change (%) - discontinued","COICOP2018: General - Individual consumption expenditure of households","2014M12",-0.611,,"Frequency: Monthly",
"Luxembourg","CPS - Consumer Price Index","National consumer price index (CPI), annual rate of change (%) - discontinued","COICOP2018: 1. Food and non-alcoholic beverages","2014M12",-1.141,,"Frequency: Monthly",
"Latvia","CPS - Consumer Price Survey","National consumer price index (CPI), annual rate of change (%) - discontinued","COICOP2018: General - Individual consumption expenditure of households","2014M12",0.167,,"Frequency: Monthly",
"Latvia","CPS - Consumer Price Survey","National consumer price index (CPI), annual rate of change (%) - discontinued","COICOP2018: 1. Food and non-alcoholic beverages","2014M12",-0.762,,"Frequency: Monthly",
"Macao, China","CPS - Consumer Price Survey","National consumer price index (CPI), annual rate of change (%) - discontinued","COICOP2018: General - Individual consumption expenditure of households","2014M12",5.6,,"Frequency: Monthly",
"Macao, China","CPS - Consumer Price Survey","National consumer price index (CPI), annual rate of change (%) - discontinued","COICOP2018: 1. Food and non-alcoholic beverages","2014M12",5.9,,"Frequency: Monthly",
"Morocco","CPS - Cost of Living Index","National consumer price index (CPI), annual rate of change (%) - discontinued","COICOP2018: General - Individual consumption expenditure of households","2014M12",1.594,,"Frequency: Monthly",
"Morocco","CPS - Cost of Living Index","National consumer price index (CPI), annual rate of change (%) - discontinued","COICOP2018: 1. Food and non-alcoholic beverages","2014M12",1.575,,"Frequency: Monthly",
"Republic of Moldova","CPS - Consumer Price Survey","National consumer price index (CPI), annual rate of change (%) - discontinued","COICOP2018: General - Individual consumption expenditure of households","2014M12",4.695,,"Frequency: Monthly",
"Republic of Moldova","CPS - Consumer Price Survey","National consumer price index (CPI), annual rate of change (%) - discontinued","COICOP2018: 1. Food and non-alcoholic beverages","2014M12",5.065,,"Frequency: Monthly",
"Madagascar","CPS - Consumer Price Index","National consumer price index (CPI), annual rate of change (%) - discontinued","COICOP2018: General - Individual consumption expenditure of households","2014M12",6.039,,"Frequency: Monthly",
"Madagascar","CPS - Consumer Price Index","National consumer price index (CPI), annual rate of change (%) - discontinued","COICOP2018: 1. Food and non-alcoholic beverages","2014M12",4.822,"Nonstandard COICOP classification: Food, beverages and tobacco","Frequency: Monthly",
"Maldives","CPS - Consumer Price Survey","National consumer price index (CPI), annual rate of change (%) - discontinued","COICOP2018: General - Individual consumption expenditure of households","2014M12",1.179,,"Frequency: Monthly","Geographical coverage: Main city or metropolitan area"
"Maldives","CPS - Consumer Price Survey","National consumer price index (CPI), annual rate of change (%) - discontinued","COICOP2018: 1. Food and non-alcoholic beverages","2014M12",-0.948,,"Frequency: Monthly","Geographical coverage: Main city or metropolitan area"
"Mexico","CPS - Consumer Price Index","National consumer price index (CPI), annual rate of change (%) - discontinued","COICOP2018: General - Individual consumption expenditure of households","2014M12",4.081,,"Frequency: Monthly",
"Mexico","CPS - Consumer Price Index","National consumer price index (CPI), annual rate of change (%) - discontinued","COICOP2018: 1. Food and non-alcoholic beverages","2014M12",6.536,"Nonstandard COICOP classification: Food, beverages and tobacco","Frequency: Monthly",
"Marshall Islands","CPS - Consumer Price Survey","National consumer price index (CPI), annual rate of change (%) - discontinued","COICOP2018: General - Individual consumption expenditure of households","2009M02",5.566,,"Frequency: Monthly","Geographical coverage: Main city or metropolitan area"
"Marshall Islands","CPS - Consumer Price Survey","National consumer price index (CPI), annual rate of change (%) - discontinued","COICOP2018: 1. Food and non-alcoholic beverages","2009M02",19.029,,"Frequency: Monthly","Geographical coverage: Main city or metropolitan area"
"North Macedonia","CPS - Cost of Living Index","National consumer price index (CPI), annual rate of change (%) - discontinued","COICOP2018: General - Individual consumption expenditure of households","2013M05",3.398,,"Frequency: Monthly",
"North Macedonia","CPS - Cost of Living Index","National consumer price index (CPI), annual rate of change (%) - discontinued","COICOP2018: 1. Food and non-alcoholic beverages","2013M05",4.882,,"Frequency: Monthly",
"Mali","CPS - Consumer Price Survey, Main City","National consumer price index (CPI), annual rate of change (%) - discontinued","COICOP2018: General - Individual consumption expenditure of households","2014M12",1.161,,"Frequency: Monthly","Geographical coverage: Main city or metropolitan area"
"Mali","CPS - Consumer Price Survey, Main City","National consumer price index (CPI), annual rate of change (%) - discontinued","COICOP2018: 1. Food and non-alcoholic beverages","2014M12",0.765,,"Frequency: Monthly","Geographical coverage: Main city or metropolitan area"
"Malta","CPS - Retail Price Index","National consumer price index (CPI), annual rate of change (%) - discontinued","COICOP2018: General - Individual consumption expenditure of households","2014M12",0.155,,"Frequency: Monthly",
"Malta","CPS - Retail Price Index","National consumer price index (CPI), annual rate of change (%) - discontinued","COICOP2018: 1. Food and non-alcoholic beverages","2014M12",0.092,,"Frequency: Monthly",
"Myanmar","CPS - Consumer Price Survey","National consumer price index (CPI), annual rate of change (%) - discontinued","COICOP2018: 1. Food and non-alcoholic beverages","2013M09",6.313,,"Frequency: Monthly",
"Montenegro","CPS - Consumer Price Survey","National consumer price index (CPI), annual rate of change (%) - discontinued","COICOP2018: General - Individual consumption expenditure of households","2011M10",3.527,,"Frequency: Monthly",
"Montenegro","CPS - Consumer Price Survey","National consumer price index (CPI), annual rate of change (%) - discontinued","COICOP2018: 1. Food and non-alcoholic beverages","2011M10",0.958,,"Frequency: Monthly",
"Mongolia","CPS - Consumer Price Survey","National consumer price index (CPI), annual rate of change (%) - discontinued","COICOP2018: General - Individual consumption expenditure of households","2011M12",10.239,,"Frequency: Monthly",
"Mongolia","CPS - Consumer Price Survey","National consumer price index (CPI), annual rate of change (%) - discontinued","COICOP2018: 1. Food and non-alcoholic beverages","2011M12",8.241,,"Frequency: Monthly",
"Northern Mariana Islands","CPS - Consumer Price Survey","National consumer price index (CPI), annual rate of change (%) - discontinued","COICOP2018: General - Individual consumption expenditure of households","2009M11",5.6,,"Frequency: Monthly","Geographical coverage: Main city or metropolitan area"
"Northern Mariana Islands","CPS - Consumer Price Survey","National consumer price index (CPI), annual rate of change (%) - discontinued","COICOP2018: 1. Food and non-alcoholic beverages","2009M11",6.1,,"Frequency: Monthly","Geographical coverage: Main city or metropolitan area"
"Mozambique","CPS - Consumer Price Survey","National consumer price index (CPI), annual rate of change (%) - discontinued","COICOP2018: General - Individual consumption expenditure of households","2014M12",1.927,,"Frequency: Monthly",
"Mauritania","CPS - Consumer Price Survey","National consumer price index (CPI), annual rate of change (%) - discontinued","COICOP2018: General - Individual consumption expenditure of households","2014M12",4.71,,"Frequency: Monthly",
"Mauritania","CPS - Consumer Price Survey","National consumer price index (CPI), annual rate of change (%) - discontinued","COICOP2018: 1. Food and non-alcoholic beverages","2014M12",6.77,,"Frequency: Monthly",
"Montserrat","CPS - Consumer Price Survey","National consumer price index (CPI), annual rate of change (%) - discontinued","COICOP2018: General - Individual consumption expenditure of households","1985M12",3.172,,"Frequency: Monthly",
"Montserrat","CPS - Consumer Price Survey","National consumer price index (CPI), annual rate of change (%) - discontinued","COICOP2018: 1. Food and non-alcoholic beverages","1985M12",-0.177,,"Frequency: Monthly",
"Martinique","CPS - Consumer Price Index","National consumer price index (CPI), annual rate of change (%) - discontinued","COICOP2018: General - Individual consumption expenditure of households","2014M12",0.692,,"Frequency: Monthly",
"Martinique","CPS - Consumer Price Index","National consumer price index (CPI), annual rate of change (%) - discontinued","COICOP2018: 1. Food and non-alcoholic beverages","2014M12",1.41,,"Frequency: Monthly",
"Mauritius","CPS - Consumer Price Survey","National consumer price index (CPI), annual rate of change (%) - discontinued","COICOP2018: General - Individual consumption expenditure of households","2014M12",0.19,,"Frequency: Monthly",
"Mauritius","CPS - Consumer Price Survey","National consumer price index (CPI), annual rate of change (%) - discontinued","COICOP2018: 1. Food and non-alcoholic beverages","2014M12",-0.57,,"Frequency: Monthly",
"Malawi","CPS - Consumer Price Survey","National consumer price index (CPI), annual rate of change (%) - discontinued","COICOP2018: General - Individual consumption expenditure of households","2014M12",24.111,,"Frequency: Monthly",
"Malawi","CPS - Consumer Price Survey","National consumer price index (CPI), annual rate of change (%) - discontinued","COICOP2018: 1. Food and non-alcoholic beverages","2014M12",22.111,,"Frequency: Monthly",
"Malaysia","CPS - Consumer Price Survey","National consumer price index (CPI), annual rate of change (%) - discontinued","COICOP2018: General - Individual consumption expenditure of households","2014M12",2.663,,"Frequency: Monthly",
"Malaysia","CPS - Consumer Price Survey","National consumer price index (CPI), annual rate of change (%) - discontinued","COICOP2018: 1. Food and non-alcoholic beverages","2014M12",2.377,,"Frequency: Monthly",
"Namibia","CPS - Consumer Price Survey","National consumer price index (CPI), annual rate of change (%) - discontinued","COICOP2018: General - Individual consumption expenditure of households","2014M12",4.634,,"Frequency: Monthly",
"Namibia","CPS - Consumer Price Survey","National consumer price index (CPI), annual rate of change (%) - discontinued","COICOP2018: 1. Food and non-alcoholic beverages","2014M12",7.034,,"Frequency: Monthly",
"New Caledonia","CPS - Consumer Price Index","National consumer price index (CPI), annual rate of change (%) - discontinued","COICOP2018: General - Individual consumption expenditure of households","2014M12",0.571,,"Frequency: Monthly","Geographical coverage: Main city or metropolitan area"
"New Caledonia","CPS - Consumer Price Index","National consumer price index (CPI), annual rate of change (%) - discontinued","COICOP2018: 1. Food and non-alcoholic beverages","2014M12",1.08,,"Frequency: Monthly","Geographical coverage: Main city or metropolitan area"
"Niger","CPS - Consumer Price Index, Africans","National consumer price index (CPI), annual rate of change (%) - discontinued","COICOP2018: General - Individual consumption expenditure of households","2014M12",-0.56,,"Frequency: Monthly","Geographical coverage: Main city or metropolitan area | Population coverage: Africans"
"Niger","CPS - Consumer Price Index, Africans","National consumer price index (CPI), annual rate of change (%) - discontinued","COICOP2018: 1. Food and non-alcoholic beverages","2014M12",-0.406,,"Frequency: Monthly","Geographical coverage: Main city or metropolitan area | Population coverage: Africans"
"Norfolk Island","CPS - Consumer Price Survey","National consumer price index (CPI), annual rate of change (%) - discontinued","COICOP2018: General - Individual consumption expenditure of households","2011M09",1.998,,"Frequency: Monthly",
"Norfolk Island","CPS - Consumer Price Survey","National consumer price index (CPI), annual rate of change (%) - discontinued","COICOP2018: 1. Food and non-alcoholic beverages","2011M09",2.519,,"Frequency: Monthly",
"Nigeria","CPS - Consumer Price Survey","National consumer price index (CPI), annual rate of change (%) - discontinued","COICOP2018: General - Individual consumption expenditure of households","2014M12",7.945,,"Frequency: Monthly",
"Nigeria","CPS - Consumer Price Survey","National consumer price index (CPI), annual rate of change (%) - discontinued","COICOP2018: 1. Food and non-alcoholic beverages","2014M12",9.138,"Nonstandard COICOP classification: Food","Frequency: Monthly",
"Nicaragua","CPS - Consumer Price Index","National consumer price index (CPI), annual rate of change (%) - discontinued","COICOP2018: General - Individual consumption expenditure of households","2014M12",6.429,,"Frequency: Monthly",
"Nicaragua","CPS - Consumer Price Index","National consumer price index (CPI), annual rate of change (%) - discontinued","COICOP2018: 1. Food and non-alcoholic beverages","2014M12",11.728,,"Frequency: Monthly",
"Niue","CPS - Retail Price Index","National consumer price index (CPI), annual rate of change (%) - discontinued","COICOP2018: General - Individual consumption expenditure of households","2010M05",3.96,,"Frequency: Monthly",
"Niue","CPS - Retail Price Index","National consumer price index (CPI), annual rate of change (%) - discontinued","COICOP2018: 1. Food and non-alcoholic beverages","2010M05",5.64,,"Frequency: Monthly",
"Netherlands","CPS - Price Index Numbers of Final Consumption Expenditure","National consumer price index (CPI), annual rate of change (%) - discontinued","COICOP2018: General - Individual consumption expenditure of households","2014M12",0.698,,"Frequency: Monthly",
"Netherlands","CPS - Price Index Numbers of Final Consumption Expenditure","National consumer price index (CPI), annual rate of change (%) - discontinued","COICOP2018: 1. Food and non-alcoholic beverages","2014M12",0.017,,"Frequency: Monthly",
"Norway","CPS - Consumer Price Survey","National consumer price index (CPI), annual rate of change (%) - discontinued","COICOP2018: General - Individual consumption expenditure of households","2014M12",2.072,,"Frequency: Monthly",
"Norway","CPS - Consumer Price Survey","National consumer price index (CPI), annual rate of change (%) - discontinued","COICOP2018: 1. Food and non-alcoholic beverages","2014M12",2.404,,"Frequency: Monthly",
"Nepal","CPS - Consumer Price Survey","National consumer price index (CPI), annual rate of change (%) - discontinued","COICOP2018: General - Individual consumption expenditure of households","2014M12",6.883,,"Frequency: Monthly",
"Nepal","CPS - Consumer Price Survey","National consumer price index (CPI), annual rate of change (%) - discontinued","COICOP2018: 1. Food and non-alcoholic beverages","2014M12",8.933,,"Frequency: Monthly",
"New Zealand","CPS - Consumer Price Survey","National consumer price index (CPI), annual rate of change (%) - discontinued","COICOP2018: 1. Food and non-alcoholic beverages","2014M12",0.872,,"Frequency: Monthly",
"Oman","CPS - Consumer Price Survey","National consumer price index (CPI), annual rate of change (%) - discontinued","COICOP2018: General - Individual consumption expenditure of households","2010M05",4.702,,"Frequency: Monthly","Geographical coverage: Main city or metropolitan area"
"Oman","CPS - Consumer Price Survey","National consumer price index (CPI), annual rate of change (%) - discontinued","COICOP2018: 1. Food and non-alcoholic beverages","2010M05",3.774,"Nonstandard COICOP classification: Food, beverages and tobacco","Frequency: Monthly","Geographical coverage: Main city or metropolitan area"
"Pakistan","CPS - Consumer Price Survey, Combined","National consumer price index (CPI), annual rate of change (%) - discontinued","COICOP2018: General - Individual consumption expenditure of households","2014M12",4.298,,"Frequency: Monthly",
"Pakistan","CPS - Consumer Price Survey, Combined","National consumer price index (CPI), annual rate of change (%) - discontinued","COICOP2018: 1. Food and non-alcoholic beverages","2014M12",3.414,,"Frequency: Monthly",
"Panama","CPS - Consumer Price Index","National consumer price index (CPI), annual rate of change (%) - discontinued","COICOP2018: General - Individual consumption expenditure of households","2014M10",2.075,,"Frequency: Monthly","Geographical coverage: Urban areas only"
"Panama","CPS - Consumer Price Index","National consumer price index (CPI), annual rate of change (%) - discontinued","COICOP2018: 1. Food and non-alcoholic beverages","2014M10",1.877,,"Frequency: Monthly","Geographical coverage: Urban areas only"
"Peru","CPS - Consumer Price Index","National consumer price index (CPI), annual rate of change (%) - discontinued","COICOP2018: General - Individual consumption expenditure of households","2014M12",3.23,,"Frequency: Monthly","Geographical coverage: Main city or metropolitan area"
"Peru","CPS - Consumer Price Index","National consumer price index (CPI), annual rate of change (%) - discontinued","COICOP2018: 1. Food and non-alcoholic beverages","2014M12",4.836,,"Frequency: Monthly","Geographical coverage: Main city or metropolitan area"
"Philippines","CPS - Consumer Price Survey for All-Income Households in the Philippines","National consumer price index (CPI), annual rate of change (%) - discontinued","COICOP2018: General - Individual consumption expenditure of households","2014M12",2.705,,"Frequency: Monthly",
"Philippines","CPS - Consumer Price Survey for All-Income Households in the Philippines","National consumer price index (CPI), annual rate of change (%) - discontinued","COICOP2018: 1. Food and non-alcoholic beverages","2014M12",5.533,,"Frequency: Monthly",
"Poland","CPS - Consumer Price Survey","National consumer price index (CPI), annual rate of change (%) - discontinued","COICOP2018: General - Individual consumption expenditure of households","2014M12",-1.814,,"Frequency: Monthly",
"Poland","CPS - Consumer Price Survey","National consumer price index (CPI), annual rate of change (%) - discontinued","COICOP2018: 1. Food and non-alcoholic beverages","2014M12",-1.797,"Nonstandard COICOP classification: Food and beverages","Frequency: Monthly",
"Puerto Rico","CPS - Consumer Price Index","National consumer price index (CPI), annual rate of change (%) - discontinued","COICOP2018: General - Individual consumption expenditure of households","2014M12",0.07,,"Frequency: Monthly",
"Puerto Rico","CPS - Consumer Price Index","National consumer price index (CPI), annual rate of change (%) - discontinued","COICOP2018: 1. Food and non-alcoholic beverages","2014M12",2.843,"Nonstandard COICOP classification: Food and beverages","Frequency: Monthly",
"Portugal","CPS - Consumer Price Index","National consumer price index (CPI), annual rate of change (%) - discontinued","COICOP2018: General - Individual consumption expenditure of households","2014M12",-0.494,"Nonstandard COICOP classification: Excluding rents","Frequency: Monthly",
"Portugal","CPS - Consumer Price Index","National consumer price index (CPI), annual rate of change (%) - discontinued","COICOP2018: 1. Food and non-alcoholic beverages","2014M12",-0.358,,"Frequency: Monthly",
"Paraguay","CPS - Consumer Price Index","National consumer price index (CPI), annual rate of change (%) - discontinued","COICOP2018: General - Individual consumption expenditure of households","2014M12",4.214,,"Frequency: Monthly","Geographical coverage: Main city or metropolitan area"
"Paraguay","CPS - Consumer Price Index","National consumer price index (CPI), annual rate of change (%) - discontinued","COICOP2018: 1. Food and non-alcoholic beverages","2014M12",4.232,,"Frequency: Monthly","Geographical coverage: Main city or metropolitan area"
"Palestine (State of)","CPS - Consumer Price Survey","National consumer price index (CPI), annual rate of change (%) - discontinued","COICOP2018: General - Individual consumption expenditure of households","2014M12",1.189,,"Frequency: Monthly",
"Palestine (State of)","CPS - Consumer Price Survey","National consumer price index (CPI), annual rate of change (%) - discontinued","COICOP2018: 1. Food and non-alcoholic beverages","2014M12",-1.91,,"Frequency: Monthly",
"French Polynesia","CPS - Retail Price Index","National consumer price index (CPI), annual rate of change (%) - discontinued","COICOP2018: General - Individual consumption expenditure of households","2014M12",-0.193,,"Frequency: Monthly",
"French Polynesia","CPS - Retail Price Index","National consumer price index (CPI), annual rate of change (%) - discontinued","COICOP2018: 1. Food and non-alcoholic beverages","2014M12",1.302,,"Frequency: Monthly",
"Qatar","CPS - Consumer Price Survey","National consumer price index (CPI), annual rate of change (%) - discontinued","COICOP2018: General - Individual consumption expenditure of households","2014M12",2.684,,"Frequency: Monthly",
"Qatar","CPS - Consumer Price Survey","National consumer price index (CPI), annual rate of change (%) - discontinued","COICOP2018: 1. Food and non-alcoholic beverages","2014M12",-0.433,"Nonstandard COICOP classification: Food, beverages and tobacco","Frequency: Monthly",
"Réunion","CPS - Consumer Price Index for Middle-Income Urban Households","National consumer price index (CPI), annual rate of change (%) - discontinued","COICOP2018: General - Individual consumption expenditure of households","2014M12",-0.536,,"Frequency: Monthly",
"Romania","CPS - Consumer Price Survey","National consumer price index (CPI), annual rate of change (%) - discontinued","COICOP2018: General - Individual consumption expenditure of households","2014M12",0.827,,"Frequency: Monthly",
"Romania","CPS - Consumer Price Survey","National consumer price index (CPI), annual rate of change (%) - discontinued","COICOP2018: 1. Food and non-alcoholic beverages","2014M12",-0.411,,"Frequency: Monthly",
"Russian Federation","CPS - Consumer Price Survey","National consumer price index (CPI), annual rate of change (%) - discontinued","COICOP2018: General - Individual consumption expenditure of households","2013M12",6.5,,"Frequency: Monthly",
"Rwanda","CPS - Consumer Price Survey","National consumer price index (CPI), annual rate of change (%) - discontinued","COICOP2018: General - Individual consumption expenditure of households","2014M12",-0.432,,"Frequency: Monthly",
"Rwanda","CPS - Consumer Price Survey","National consumer price index (CPI), annual rate of change (%) - discontinued","COICOP2018: 1. Food and non-alcoholic beverages","2014M12",-3.191,,"Frequency: Monthly",
"Saudi Arabia","CPS - Consumer Price Survey","National consumer price index (CPI), annual rate of change (%) - discontinued","COICOP2018: General - Individual consumption expenditure of households","2014M12",2.414,,"Frequency: Monthly","Geographical coverage: Urban areas only"
"Saudi Arabia","CPS - Consumer Price Survey","National consumer price index (CPI), annual rate of change (%) - discontinued","COICOP2018: 1. Food and non-alcoholic beverages","2014M12",2.573,"Nonstandard COICOP classification: Food, beverages and tobacco","Frequency: Monthly","Geographical coverage: Urban areas only"
"Sudan","CPS - Consumer Price Survey, Low Income Group","National consumer price index (CPI), annual rate of change (%) - discontinued","COICOP2018: General - Individual consumption expenditure of households","2001M12",6.625,,"Frequency: Monthly","Population coverage: Low income group"
"Senegal","CPS - Consumer Price Index","National consumer price index (CPI), annual rate of change (%) - discontinued","COICOP2018: General - Individual consumption expenditure of households","2014M12",-0.095,,"Frequency: Monthly",
"Senegal","CPS - Consumer Price Index","National consumer price index (CPI), annual rate of change (%) - discontinued","COICOP2018: 1. Food and non-alcoholic beverages","2014M12",4.291,,"Frequency: Monthly",
"Singapore","CPS - Consumer Price Survey","National consumer price index (CPI), annual rate of change (%) - discontinued","COICOP2018: General - Individual consumption expenditure of households","2014M12",-0.1,,"Frequency: Monthly",
"Singapore","CPS - Consumer Price Survey","National consumer price index (CPI), annual rate of change (%) - discontinued","COICOP2018: 1. Food and non-alcoholic beverages","2014M12",2.7,,"Frequency: Monthly",
"Saint Helena","CPS - Retail Price Index","National consumer price index (CPI), annual rate of change (%) - discontinued","COICOP2018: General - Individual consumption expenditure of households","2014M11",3.288,,"Frequency: Monthly",
"Saint Helena","CPS - Retail Price Index","National consumer price index (CPI), annual rate of change (%) - discontinued","COICOP2018: 1. Food and non-alcoholic beverages","2014M11",2.903,,"Frequency: Monthly",
"Solomon Islands","CPS - Retail Price Index","National consumer price index (CPI), annual rate of change (%) - discontinued","COICOP2018: General - Individual consumption expenditure of households","2014M07",5.968,,"Frequency: Monthly","Geographical coverage: Main city or metropolitan area"
"Solomon Islands","CPS - Retail Price Index","National consumer price index (CPI), annual rate of change (%) - discontinued","COICOP2018: 1. Food and non-alcoholic beverages","2014M07",6.229,,"Frequency: Monthly","Geographical coverage: Main city or metropolitan area"
"Sierra Leone","CPS - Consumer Price Survey","National consumer price index (CPI), annual rate of change (%) - discontinued","COICOP2018: General - Individual consumption expenditure of households","2014M12",7.85,,"Frequency: Monthly",
"Sierra Leone","CPS - Consumer Price Survey","National consumer price index (CPI), annual rate of change (%) - discontinued","COICOP2018: 1. Food and non-alcoholic beverages","2014M12",8.112,,"Frequency: Monthly",
"El Salvador","CPS - Consumer Price Index","National consumer price index (CPI), annual rate of change (%) - discontinued","COICOP2018: General - Individual consumption expenditure of households","2014M12",0.477,,"Frequency: Monthly","Geographical coverage: Urban areas only"
"El Salvador","CPS - Consumer Price Index","National consumer price index (CPI), annual rate of change (%) - discontinued","COICOP2018: 1. Food and non-alcoholic beverages","2014M12",3.705,,"Frequency: Monthly","Geographical coverage: Urban areas only"
"San Marino","CPS - Consumer Price Index","National consumer price index (CPI), annual rate of change (%) - discontinued","COICOP2018: General - Individual consumption expenditure of households","2014M12",0.494,,"Frequency: Monthly",
"San Marino","CPS - Consumer Price Index","National consumer price index (CPI), annual rate of change (%) - discontinued","COICOP2018: 1. Food and non-alcoholic beverages","2014M12",1.571,,"Frequency: Monthly",
"Somalia","CPS - Consumer Price Survey","National consumer price index (CPI), annual rate of change (%) - discontinued","COICOP2018: General - Individual consumption expenditure of households","1988M01",35.648,,"Frequency: Monthly","Geographical coverage: Main city or metropolitan area"
"Somalia","CPS - Consumer Price Survey","National consumer price index (CPI), annual rate of change (%) - discontinued","COICOP2018: 1. Food and non-alcoholic beverages","1988M01",42.119,,"Frequency: Monthly","Geographical coverage: Main city or metropolitan area"
"Saint Pierre and Miquelon","CPS - Consumer Price Survey","National consumer price index (CPI), annual rate of change (%) - discontinued","COICOP2018: General - Individual consumption expenditure of households","2005M12",8.126,,"Frequency: Monthly",
"Saint Pierre and Miquelon","CPS - Consumer Price Survey","National consumer price index (CPI), annual rate of change (%) - discontinued","COICOP2018: 1. Food and non-alcoholic beverages","2005M12",4.682,,"Frequency: Monthly",
"Serbia","CPS - Consumer Price Survey","National consumer price index (CPI), annual rate of change (%) - discontinued","COICOP2018: General - Individual consumption expenditure of households","2011M12",7.004,,"Frequency: Monthly",
"Serbia","CPS - Consumer Price Survey","National consumer price index (CPI), annual rate of change (%) - discontinued","COICOP2018: 1. Food and non-alcoholic beverages","2011M12",6.447,,"Frequency: Monthly",
"Sao Tome and Principe","CPS - Consumer Price Index","National consumer price index (CPI), annual rate of change (%) - discontinued","COICOP2018: General - Individual consumption expenditure of households","2014M12",6.426,,"Frequency: Monthly",
"Sao Tome and Principe","CPS - Consumer Price Index","National consumer price index (CPI), annual rate of change (%) - discontinued","COICOP2018: 1. Food and non-alcoholic beverages","2014M12",5.412,"Nonstandard COICOP classification: Food, beverages and tobacco","Frequency: Monthly",
"Suriname","CPS - Consumer Price Survey","National consumer price index (CPI), annual rate of change (%) - discontinued","COICOP2018: General - Individual consumption expenditure of households","2014M12",3.871,,"Frequency: Monthly","Geographical coverage: Main city or metropolitan area"
"Suriname","CPS - Consumer Price Survey","National consumer price index (CPI), annual rate of change (%) - discontinued","COICOP2018: 1. Food and non-alcoholic beverages","2014M12",8.652,,"Frequency: Monthly","Geographical coverage: Main city or metropolitan area"
"Slovakia","CPS - Consumer Price Survey","National consumer price index (CPI), annual rate of change (%) - discontinued","COICOP2018: General - Individual consumption expenditure of households","2014M12",-0.122,,"Frequency: Monthly",
"Slovakia","CPS - Consumer Price Survey","National consumer price index (CPI), annual rate of change (%) - discontinued","COICOP2018: 1. Food and non-alcoholic beverages","2014M12",-0.5,,"Frequency: Monthly",
"Slovenia","CPS - Consumer Price Survey","National consumer price index (CPI), annual rate of change (%) - discontinued","COICOP2018: General - Individual consumption expenditure of households","2014M12",0.156,,"Frequency: Monthly",
"Slovenia","CPS - Consumer Price Survey","National consumer price index (CPI), annual rate of change (%) - discontinued","COICOP2018: 1. Food and non-alcoholic beverages","2014M12",-1.173,,"Frequency: Monthly",
"Sweden","CPS - Consumer Price Survey","National consumer price index (CPI), annual rate of change (%) - discontinued","COICOP2018: General - Individual consumption expenditure of households","2014M12",-0.314,,"Frequency: Monthly",
"Sweden","CPS - Consumer Price Survey","National consumer price index (CPI), annual rate of change (%) - discontinued","COICOP2018: 1. Food and non-alcoholic beverages","2014M12",1.454,,"Frequency: Monthly",
"Eswatini","CPS - Retail Price Index 'B'","National consumer price index (CPI), annual rate of change (%) - discontinued","COICOP2018: General - Individual consumption expenditure of households","2014M12",6.226,,"Frequency: Monthly",
"Seychelles","CPS - Retail Price Index","National consumer price index (CPI), annual rate of change (%) - discontinued","COICOP2018: General - Individual consumption expenditure of households","2014M12",0.524,,"Frequency: Monthly",
"Seychelles","CPS - Retail Price Index","National consumer price index (CPI), annual rate of change (%) - discontinued","COICOP2018: 1. Food and non-alcoholic beverages","2014M12",-3.085,,"Frequency: Monthly",
"Syrian Arab Republic","CPS - Retail Price Index","National consumer price index (CPI), annual rate of change (%) - discontinued","COICOP2018: General - Individual consumption expenditure of households","2013M12",88.303,,"Frequency: Monthly",
"Syrian Arab Republic","CPS - Retail Price Index","National consumer price index (CPI), annual rate of change (%) - discontinued","COICOP2018: 1. Food and non-alcoholic beverages","2013M12",111.1,"Nonstandard COICOP classification: Food","Frequency: Monthly",
"Chad","CPS - Consumer Price Index","National consumer price index (CPI), annual rate of change (%) - discontinued","COICOP2018: General - Individual consumption expenditure of households","2014M07",4.658,,"Frequency: Monthly","Geographical coverage: Main city or metropolitan area"
"Chad","CPS - Consumer Price Index","National consumer price index (CPI), annual rate of change (%) - discontinued","COICOP2018: 1. Food and non-alcoholic beverages","2014M07",8.273,,"Frequency: Monthly","Geographical coverage: Main city or metropolitan area"
"Togo","CPS - Consumer Price Index","National consumer price index (CPI), annual rate of change (%) - discontinued","COICOP2018: General - Individual consumption expenditure of households","2014M12",1.867,,"Frequency: Monthly","Geographical coverage: Main city or metropolitan area"
"Togo","CPS - Consumer Price Index","National consumer price index (CPI), annual rate of change (%) - discontinued","COICOP2018: 1. Food and non-alcoholic beverages","2014M12",1.465,,"Frequency: Monthly","Geographical coverage: Main city or metropolitan area"
"Thailand","CPS - Consumer Price Survey","National consumer price index (CPI), annual rate of change (%) - discontinued","COICOP2018: General - Individual consumption expenditure of households","2014M12",0.604,,"Frequency: Monthly",
"Thailand","CPS - Consumer Price Survey","National consumer price index (CPI), annual rate of change (%) - discontinued","COICOP2018: 1. Food and non-alcoholic beverages","2014M12",3.163,,"Frequency: Monthly",
"Tajikistan","CPS - Consumer Price Survey","National consumer price index (CPI), annual rate of change (%) - discontinued","COICOP2018: General - Individual consumption expenditure of households","2002M11",13.949,,"Frequency: Monthly",
"Tonga","CPS - Consumer Price Survey","National consumer price index (CPI), annual rate of change (%) - discontinued","COICOP2018: General - Individual consumption expenditure of households","2014M12",0.187,"Nonstandard COICOP classification: Excluding rents","Frequency: Monthly",
"Tonga","CPS - Consumer Price Survey","National consumer price index (CPI), annual rate of change (%) - discontinued","COICOP2018: 1. Food and non-alcoholic beverages","2014M12",1.098,,"Frequency: Monthly",
"Trinidad and Tobago","CPS - Index of Retail Prices","National consumer price index (CPI), annual rate of change (%) - discontinued","COICOP2018: General - Individual consumption expenditure of households","2014M12",8.477,,"Frequency: Monthly",
"Trinidad and Tobago","CPS - Index of Retail Prices","National consumer price index (CPI), annual rate of change (%) - discontinued","COICOP2018: 1. Food and non-alcoholic beverages","2014M12",16.703,,"Frequency: Monthly",
"Tunisia","CPS - Consumer Price Index","National consumer price index (CPI), annual rate of change (%) - discontinued","COICOP2018: General - Individual consumption expenditure of households","2014M12",5.003,,"Frequency: Monthly",
"Tunisia","CPS - Consumer Price Index","National consumer price index (CPI), annual rate of change (%) - discontinued","COICOP2018: 1. Food and non-alcoholic beverages","2014M12",4.05,"Nonstandard COICOP classification: Food and beverages","Frequency: Monthly",
"Türkiye","CPS - Consumer Price Survey","National consumer price index (CPI), annual rate of change (%) - discontinued","COICOP2018: General - Individual consumption expenditure of households","2014M12",8.17,,"Frequency: Monthly",
"Türkiye","CPS - Consumer Price Survey","National consumer price index (CPI), annual rate of change (%) - discontinued","COICOP2018: 1. Food and non-alcoholic beverages","2014M12",12.731,,"Frequency: Monthly",
"Taiwan, China","CPS - Consumer Price Survey","National consumer price index (CPI), annual rate of change (%) - discontinued","COICOP2018: General - Individual consumption expenditure of households","2014M12",0.622,,"Frequency: Monthly",
"Taiwan, China","CPS - Consumer Price Survey","National consumer price index (CPI), annual rate of change (%) - discontinued","COICOP2018: 1. Food and non-alcoholic beverages","2014M12",4.325,,"Frequency: Monthly",
"Uganda","CPS - Consumer Price Survey","National consumer price index (CPI), annual rate of change (%) - discontinued","COICOP2018: General - Individual consumption expenditure of households","2014M12",1.796,,"Frequency: Monthly",
"Uganda","CPS - Consumer Price Survey","National consumer price index (CPI), annual rate of change (%) - discontinued","COICOP2018: 1. Food and non-alcoholic beverages","2014M12",-1.923,,"Frequency: Monthly",
"Ukraine","CPS - Consumer Price Survey","National consumer price index (CPI), annual rate of change (%) - discontinued","COICOP2018: General - Individual consumption expenditure of households","2013M12",0.527,,"Frequency: Monthly",
"Ukraine","CPS - Consumer Price Survey","National consumer price index (CPI), annual rate of change (%) - discontinued","COICOP2018: 1. Food and non-alcoholic beverages","2013M12",-0.728,,"Frequency: Monthly",
"Uruguay","CPS - Consumer Price Index","National consumer price index (CPI), annual rate of change (%) - discontinued","COICOP2018: General - Individual consumption expenditure of households","2014M12",8.378,,"Frequency: Monthly","Geographical coverage: Main city or metropolitan area"
"Uruguay","CPS - Consumer Price Index","National consumer price index (CPI), annual rate of change (%) - discontinued","COICOP2018: 1. Food and non-alcoholic beverages","2014M12",10.592,,"Frequency: Monthly","Geographical coverage: Main city or metropolitan area"
"United States of America","CPS - Consumer Price Survey","National consumer price index (CPI), annual rate of change (%) - discontinued","COICOP2018: General - Individual consumption expenditure of households","2014M12",0.756,,"Frequency: Monthly","Geographical coverage: Urban areas only"
"United States of America","CPS - Consumer Price Survey","National consumer price index (CPI), annual rate of change (%) - discontinued","COICOP2018: 1. Food and non-alcoholic beverages","2014M12",3.408,,"Frequency: Monthly","Geographical coverage: Urban areas only"
"Saint Vincent and the Grenadines","CPS - Index of Retail Prices","National consumer price index (CPI), annual rate of change (%) - discontinued","COICOP2018: General - Individual consumption expenditure of households","2014M12",0.093,,"Frequency: Monthly","Geographical coverage: Main city or metropolitan area"
"Saint Vincent and the Grenadines","CPS - Index of Retail Prices","National consumer price index (CPI), annual rate of change (%) - discontinued","COICOP2018: 1. Food and non-alcoholic beverages","2014M12",0.267,,"Frequency: Monthly","Geographical coverage: Main city or metropolitan area"
"Venezuela (Bolivarian Republic of)","CPS - Consumer Price Survey","National consumer price index (CPI), annual rate of change (%) - discontinued","COICOP2018: General - Individual consumption expenditure of households","2014M12",68.54,,"Frequency: Monthly",
"Venezuela (Bolivarian Republic of)","CPS - Consumer Price Survey","National consumer price index (CPI), annual rate of change (%) - discontinued","COICOP2018: 1. Food and non-alcoholic beverages","2014M12",102.233,,"Frequency: Monthly",
"British Virgin Islands","CPS - Consumer Price Survey","National consumer price index (CPI), annual rate of change (%) - discontinued","COICOP2018: General - Individual consumption expenditure of households","2006M02",2.646,,"Frequency: Monthly",
"British Virgin Islands","CPS - Consumer Price Survey","National consumer price index (CPI), annual rate of change (%) - discontinued","COICOP2018: 1. Food and non-alcoholic beverages","2006M02",4.088,,"Frequency: Monthly",
"Viet Nam","CPS - Consumer Price Survey","National consumer price index (CPI), annual rate of change (%) - discontinued","COICOP2018: General - Individual consumption expenditure of households","2014M12",1.843,,"Frequency: Monthly",
"Viet Nam","CPS - Consumer Price Survey","National consumer price index (CPI), annual rate of change (%) - discontinued","COICOP2018: 1. Food and non-alcoholic beverages","2014M12",2.61,,"Frequency: Monthly",
"Samoa","CPS - Consumer Price Survey","National consumer price index (CPI), annual rate of change (%) - discontinued","COICOP2018: General - Individual consumption expenditure of households","2014M12",5.75,"Nonstandard COICOP classification: Excluding rents","Frequency: Monthly",
"Samoa","CPS - Consumer Price Survey","National consumer price index (CPI), annual rate of change (%) - discontinued","COICOP2018: 1. Food and non-alcoholic beverages","2014M12",9.39,,"Frequency: Monthly",
"Yemen","CPS - Consumer Price Index","National consumer price index (CPI), annual rate of change (%) - discontinued","COICOP2018: General - Individual consumption expenditure of households","2013M12",8.152,,"Frequency: Monthly",
"Yemen","CPS - Consumer Price Index","National consumer price index (CPI), annual rate of change (%) - discontinued","COICOP2018: 1. Food and non-alcoholic beverages","2013M12",6.212,,"Frequency: Monthly",
"South Africa","CPS - Consumer Price Survey","National consumer price index (CPI), annual rate of change (%) - discontinued","COICOP2018: General - Individual consumption expenditure of households","2014M12",5.313,,"Frequency: Monthly",
"South Africa","CPS - Consumer Price Survey","National consumer price index (CPI), annual rate of change (%) - discontinued","COICOP2018: 1. Food and non-alcoholic beverages","2014M12",7.246,,"Frequency: Monthly",
"Zambia","CPS - Consumer Price Survey","National consumer price index (CPI), annual rate of change (%) - discontinued","COICOP2018: General - Individual consumption expenditure of households","2014M12",7.862,,"Frequency: Monthly",
"Zambia","CPS - Consumer Price Survey","National consumer price index (CPI), annual rate of change (%) - discontinued","COICOP2018: 1. Food and non-alcoholic beverages","2014M12",7.452,,"Frequency: Monthly",
"Zimbabwe","CPS - Consumer Price Survey","National consumer price index (CPI), annual rate of change (%) - discontinued","COICOP2018: General - Individual consumption expenditure of households","2014M12",-0.798,,"Frequency: Monthly",
"Zimbabwe","CPS - Consumer Price Survey","National consumer price index (CPI), annual rate of change (%) - discontinued","COICOP2018: 1. Food and non-alcoholic beverages","2014M12",-2.659,,"Frequency: Monthly",
