"ref_area.label","source.label","indicator.label","classif1.label","time","obs_value","note_classif.label","note_source.label"
"Aruba","CPS - Consumer Price Survey","National consumer price index (CPI), annual rate of change (%) - discontinued","COICOP2018: General - Individual consumption expenditure of households","2014",0.426,,
"Aruba","CPS - Consumer Price Survey","National consumer price index (CPI), annual rate of change (%) - discontinued","COICOP2018: 1. Food and non-alcoholic beverages","2014",2.149,,
"Afghanistan","CPS - Consumer Price Survey","National consumer price index (CPI), annual rate of change (%) - discontinued","COICOP2018: General - Individual consumption expenditure of households","2005",12.85,,"Geographical coverage: Main city or metropolitan area"
"Afghanistan","CPS - Consumer Price Survey","National consumer price index (CPI), annual rate of change (%) - discontinued","COICOP2018: 1. Food and non-alcoholic beverages","2005",11.604,,"Geographical coverage: Main city or metropolitan area"
"Angola","CPS - Consumer Price Survey","National consumer price index (CPI), annual rate of change (%) - discontinued","COICOP2018: General - Individual consumption expenditure of households","2014",7.4,,"Geographical coverage: Main city or metropolitan area"
"Anguilla","CPS - Consumer Price Survey","National consumer price index (CPI), annual rate of change (%) - discontinued","COICOP2018: General - Individual consumption expenditure of households","2014",-0.247,,
"Anguilla","CPS - Consumer Price Survey","National consumer price index (CPI), annual rate of change (%) - discontinued","COICOP2018: 1. Food and non-alcoholic beverages","2014",1.71,,
"Albania","CPS - Consumer Price Survey","National consumer price index (CPI), annual rate of change (%) - discontinued","COICOP2018: General - Individual consumption expenditure of households","2014",1.627,,
"Albania","CPS - Consumer Price Survey","National consumer price index (CPI), annual rate of change (%) - discontinued","COICOP2018: 1. Food and non-alcoholic beverages","2014",2.204,,
"Andorra","CPS - Consumer Price Survey","National consumer price index (CPI), annual rate of change (%) - discontinued","COICOP2018: General - Individual consumption expenditure of households","2014",-0.045,,
"Andorra","CPS - Consumer Price Survey","National consumer price index (CPI), annual rate of change (%) - discontinued","COICOP2018: 1. Food and non-alcoholic beverages","2014",1.113,"Nonstandard COICOP classification: Food, beverages and tobacco",
"Netherlands Antilles","CPS - Consumer Price Survey","National consumer price index (CPI), annual rate of change (%) - discontinued","COICOP2018: General - Individual consumption expenditure of households","2014",1.499,,"Geographical coverage: Main city or metropolitan area"
"Netherlands Antilles","CPS - Consumer Price Survey","National consumer price index (CPI), annual rate of change (%) - discontinued","COICOP2018: 1. Food and non-alcoholic beverages","2014",3.374,,"Geographical coverage: Main city or metropolitan area"
"Argentina","CPS - Consumer Price Index","National consumer price index (CPI), annual rate of change (%) - discontinued","COICOP2018: General - Individual consumption expenditure of households","2013",10.619,,"Geographical coverage: Main city or metropolitan area"
"Argentina","CPS - Consumer Price Index","National consumer price index (CPI), annual rate of change (%) - discontinued","COICOP2018: 1. Food and non-alcoholic beverages","2013",7.549,,"Geographical coverage: Main city or metropolitan area"
"Armenia","CPS - Consumer Price Survey","National consumer price index (CPI), annual rate of change (%) - discontinued","COICOP2018: General - Individual consumption expenditure of households","2014",2.988,,
"Armenia","CPS - Consumer Price Survey","National consumer price index (CPI), annual rate of change (%) - discontinued","COICOP2018: 1. Food and non-alcoholic beverages","2014",1.712,,
"American Samoa","CPS - Retail Price Index","National consumer price index (CPI), annual rate of change (%) - discontinued","COICOP2018: General - Individual consumption expenditure of households","2011",8.046,"Nonstandard COICOP classification: Excluding rents",
"American Samoa","CPS - Retail Price Index","National consumer price index (CPI), annual rate of change (%) - discontinued","COICOP2018: 1. Food and non-alcoholic beverages","2011",5.915,,
"Antigua and Barbuda","CPS - Cost of Living Index","National consumer price index (CPI), annual rate of change (%) - discontinued","COICOP2018: General - Individual consumption expenditure of households","2014",1.089,,
"Australia","CPS - Consumer Price Survey","National consumer price index (CPI), annual rate of change (%) - discontinued","COICOP2018: General - Individual consumption expenditure of households","2014",2.488,,
"Australia","CPS - Consumer Price Survey","National consumer price index (CPI), annual rate of change (%) - discontinued","COICOP2018: 1. Food and non-alcoholic beverages","2014",2.535,,
"Austria","CPS - Consumer Price Survey","National consumer price index (CPI), annual rate of change (%) - discontinued","COICOP2018: General - Individual consumption expenditure of households","2014",1.606,,
"Austria","CPS - Consumer Price Survey","National consumer price index (CPI), annual rate of change (%) - discontinued","COICOP2018: 1. Food and non-alcoholic beverages","2014",1.962,,
"Azerbaijan","CPS - Consumer Price Survey","National consumer price index (CPI), annual rate of change (%) - discontinued","COICOP2018: General - Individual consumption expenditure of households","2010",5.732,,
"Azerbaijan","CPS - Consumer Price Survey","National consumer price index (CPI), annual rate of change (%) - discontinued","COICOP2018: 1. Food and non-alcoholic beverages","2010",6.797,"Nonstandard COICOP classification: Food, beverages and tobacco",
"Burundi","CPS - Consumer Price Index for households in Bujumbura","National consumer price index (CPI), annual rate of change (%) - discontinued","COICOP2018: General - Individual consumption expenditure of households","2013",8.539,,"Geographical coverage: Main city or metropolitan area"
"Burundi","CPS - Consumer Price Index for households in Bujumbura","National consumer price index (CPI), annual rate of change (%) - discontinued","COICOP2018: 1. Food and non-alcoholic beverages","2013",10.031,,"Geographical coverage: Main city or metropolitan area"
"Belgium","CPS - Consumer Price Index","National consumer price index (CPI), annual rate of change (%) - discontinued","COICOP2018: General - Individual consumption expenditure of households","2014",0.34,,
"Belgium","CPS - Consumer Price Index","National consumer price index (CPI), annual rate of change (%) - discontinued","COICOP2018: 1. Food and non-alcoholic beverages","2014",-0.513,,
"Benin","CPS - Consumer Price Survey","National consumer price index (CPI), annual rate of change (%) - discontinued","COICOP2018: General - Individual consumption expenditure of households","2014",-1.086,,"Geographical coverage: Main city or metropolitan area"
"Benin","CPS - Consumer Price Survey","National consumer price index (CPI), annual rate of change (%) - discontinued","COICOP2018: 1. Food and non-alcoholic beverages","2014",-0.553,,"Geographical coverage: Main city or metropolitan area"
"Burkina Faso","CPS - Consumer Price Index","National consumer price index (CPI), annual rate of change (%) - discontinued","COICOP2018: General - Individual consumption expenditure of households","2014",-0.248,,"Geographical coverage: Main city or metropolitan area"
"Burkina Faso","CPS - Consumer Price Index","National consumer price index (CPI), annual rate of change (%) - discontinued","COICOP2018: 1. Food and non-alcoholic beverages","2014",-3.176,,"Geographical coverage: Main city or metropolitan area"
"Bangladesh","CPS - Consumer Price Survey","National consumer price index (CPI), annual rate of change (%) - discontinued","COICOP2018: General - Individual consumption expenditure of households","2014",6.992,,"Population coverage: Government official"
"Bangladesh","CPS - Consumer Price Survey","National consumer price index (CPI), annual rate of change (%) - discontinued","COICOP2018: 1. Food and non-alcoholic beverages","2014",7.915,"Nonstandard COICOP classification: Food, beverages and tobacco","Population coverage: Government official"
"Bulgaria","CPS - Consumer Price Survey","National consumer price index (CPI), annual rate of change (%) - discontinued","COICOP2018: General - Individual consumption expenditure of households","2014",-1.418,,
"Bulgaria","CPS - Consumer Price Survey","National consumer price index (CPI), annual rate of change (%) - discontinued","COICOP2018: 1. Food and non-alcoholic beverages","2014",-0.985,,
"Bahrain","CPS - Consumer Price Survey","National consumer price index (CPI), annual rate of change (%) - discontinued","COICOP2018: General - Individual consumption expenditure of households","2014",2.651,,
"Bahrain","CPS - Consumer Price Survey","National consumer price index (CPI), annual rate of change (%) - discontinued","COICOP2018: 1. Food and non-alcoholic beverages","2014",2.871,"Nonstandard COICOP classification: Food, beverages and tobacco",
"Bahamas","CPS - Consumer Price Survey","National consumer price index (CPI), annual rate of change (%) - discontinued","COICOP2018: General - Individual consumption expenditure of households","2014",1.186,,
"Bahamas","CPS - Consumer Price Survey","National consumer price index (CPI), annual rate of change (%) - discontinued","COICOP2018: 1. Food and non-alcoholic beverages","2014",1.71,,
"Bosnia and Herzegovina","CPS - Consumer Price Survey","National consumer price index (CPI), annual rate of change (%) - discontinued","COICOP2018: General - Individual consumption expenditure of households","2014",-0.93,,
"Bosnia and Herzegovina","CPS - Consumer Price Survey","National consumer price index (CPI), annual rate of change (%) - discontinued","COICOP2018: 1. Food and non-alcoholic beverages","2014",-2.71,,
"Belarus","CPS - Consumer Price Survey","National consumer price index (CPI), annual rate of change (%) - discontinued","COICOP2018: General - Individual consumption expenditure of households","2009",12.95,,
"Belarus","CPS - Consumer Price Survey","National consumer price index (CPI), annual rate of change (%) - discontinued","COICOP2018: 1. Food and non-alcoholic beverages","2009",13.98,"Nonstandard COICOP classification: Food and beverages",
"Belize","CPS - Consumer Price Survey","National consumer price index (CPI), annual rate of change (%) - discontinued","COICOP2018: General - Individual consumption expenditure of households","2014",1.049,,
"Belize","CPS - Consumer Price Survey","National consumer price index (CPI), annual rate of change (%) - discontinued","COICOP2018: 1. Food and non-alcoholic beverages","2014",0.495,,
"Bermuda","CPS - Consumer Price Survey","National consumer price index (CPI), annual rate of change (%) - discontinued","COICOP2018: General - Individual consumption expenditure of households","2014",2.005,,
"Bermuda","CPS - Consumer Price Survey","National consumer price index (CPI), annual rate of change (%) - discontinued","COICOP2018: 1. Food and non-alcoholic beverages","2014",3.088,,
"Bolivia (Plurinational State of)","CPS - Consumer Price Index","National consumer price index (CPI), annual rate of change (%) - discontinued","COICOP2018: General - Individual consumption expenditure of households","2014",5.765,,"Geographical coverage: Urban areas only"
"Bolivia (Plurinational State of)","CPS - Consumer Price Index","National consumer price index (CPI), annual rate of change (%) - discontinued","COICOP2018: 1. Food and non-alcoholic beverages","2014",8.124,,"Geographical coverage: Urban areas only"
"Brazil","CPS - Consumer Price Index","National consumer price index (CPI), annual rate of change (%) - discontinued","COICOP2018: General - Individual consumption expenditure of households","2014",6.329,,
"Brazil","CPS - Consumer Price Index","National consumer price index (CPI), annual rate of change (%) - discontinued","COICOP2018: 1. Food and non-alcoholic beverages","2014",7.518,"Nonstandard COICOP classification: Food and beverages",
"Barbados","CPS - Index of Retail Prices","National consumer price index (CPI), annual rate of change (%) - discontinued","COICOP2018: General - Individual consumption expenditure of households","2014",1.877,,
"Barbados","CPS - Index of Retail Prices","National consumer price index (CPI), annual rate of change (%) - discontinued","COICOP2018: 1. Food and non-alcoholic beverages","2014",1.273,,
"Brunei Darussalam","CPS - Consumer Price Survey","National consumer price index (CPI), annual rate of change (%) - discontinued","COICOP2018: General - Individual consumption expenditure of households","2014",-0.199,,
"Brunei Darussalam","CPS - Consumer Price Survey","National consumer price index (CPI), annual rate of change (%) - discontinued","COICOP2018: 1. Food and non-alcoholic beverages","2014",-0.225,,
"Bhutan","CPS - Consumer Price Survey","National consumer price index (CPI), annual rate of change (%) - discontinued","COICOP2018: General - Individual consumption expenditure of households","2014",8.242,,
"Bhutan","CPS - Consumer Price Survey","National consumer price index (CPI), annual rate of change (%) - discontinued","COICOP2018: 1. Food and non-alcoholic beverages","2014",10.244,,
"Botswana","CPS - Consumer Price Survey","National consumer price index (CPI), annual rate of change (%) - discontinued","COICOP2018: General - Individual consumption expenditure of households","2014",4.403,,
"Botswana","CPS - Consumer Price Survey","National consumer price index (CPI), annual rate of change (%) - discontinued","COICOP2018: 1. Food and non-alcoholic beverages","2014",3.029,,
"Central African Republic","CPS - Consumer Price Index","National consumer price index (CPI), annual rate of change (%) - discontinued","COICOP2018: General - Individual consumption expenditure of households","2013",1.504,"Nonstandard COICOP classification: Excluding rents","Geographical coverage: Main city or metropolitan area"
"Central African Republic","CPS - Consumer Price Index","National consumer price index (CPI), annual rate of change (%) - discontinued","COICOP2018: 1. Food and non-alcoholic beverages","2013",1.503,,"Geographical coverage: Main city or metropolitan area"
"Canada","CPS - Consumer Price Survey","National consumer price index (CPI), annual rate of change (%) - discontinued","COICOP2018: General - Individual consumption expenditure of households","2014",1.907,,
"Canada","CPS - Consumer Price Survey","National consumer price index (CPI), annual rate of change (%) - discontinued","COICOP2018: 1. Food and non-alcoholic beverages","2014",2.348,,
"Switzerland","CPS - Consumer Price Survey","National consumer price index (CPI), annual rate of change (%) - discontinued","COICOP2018: 1. Food and non-alcoholic beverages","2014",0.913,,
"Chile","CPS - Consumer Price Index","National consumer price index (CPI), annual rate of change (%) - discontinued","COICOP2018: General - Individual consumption expenditure of households","2013",1.792,,
"Chile","CPS - Consumer Price Index","National consumer price index (CPI), annual rate of change (%) - discontinued","COICOP2018: 1. Food and non-alcoholic beverages","2013",4.433,,
"China","CPS - Consumer Price Survey","National consumer price index (CPI), annual rate of change (%) - discontinued","COICOP2018: General - Individual consumption expenditure of households","2014",1.991,,
"China","CPS - Consumer Price Survey","National consumer price index (CPI), annual rate of change (%) - discontinued","COICOP2018: 1. Food and non-alcoholic beverages","2014",3.089,,
"Côte d'Ivoire","CPS - Consumer Price Index, Africans","National consumer price index (CPI), annual rate of change (%) - discontinued","COICOP2018: General - Individual consumption expenditure of households","2013",2.568,,"Geographical coverage: Main city or metropolitan area | Population coverage: Africans"
"Cameroon","CPS - Consumer Price Survey","National consumer price index (CPI), annual rate of change (%) - discontinued","COICOP2018: General - Individual consumption expenditure of households","2014",1.948,,
"Cameroon","CPS - Consumer Price Survey","National consumer price index (CPI), annual rate of change (%) - discontinued","COICOP2018: 1. Food and non-alcoholic beverages","2014",0.616,,
"Congo, Democratic Republic of the","CPS - Consumer Price Survey","National consumer price index (CPI), annual rate of change (%) - discontinued","COICOP2018: General - Individual consumption expenditure of households","1981",35.407,,"Geographical coverage: Main city or metropolitan area"
"Congo, Democratic Republic of the","CPS - Consumer Price Survey","National consumer price index (CPI), annual rate of change (%) - discontinued","COICOP2018: 1. Food and non-alcoholic beverages","1981",39.199,,"Geographical coverage: Main city or metropolitan area"
"Congo","CPS - Consumer Price Index, Africans","National consumer price index (CPI), annual rate of change (%) - discontinued","COICOP2018: General - Individual consumption expenditure of households","2013",5.969,,"Geographical coverage: Main city or metropolitan area | Population coverage: Africans"
"Congo","CPS - Consumer Price Index, Africans","National consumer price index (CPI), annual rate of change (%) - discontinued","COICOP2018: 1. Food and non-alcoholic beverages","2013",7.416,,"Geographical coverage: Main city or metropolitan area | Population coverage: Africans"
"Cook Islands","CPS - Consumer Price Survey","National consumer price index (CPI), annual rate of change (%) - discontinued","COICOP2018: General - Individual consumption expenditure of households","2014",2.111,,"Geographical coverage: Main city or metropolitan area"
"Cook Islands","CPS - Consumer Price Survey","National consumer price index (CPI), annual rate of change (%) - discontinued","COICOP2018: 1. Food and non-alcoholic beverages","2014",3.291,"Nonstandard COICOP classification: Food","Geographical coverage: Main city or metropolitan area"
"Colombia","CPS - Consumer Price Index","National consumer price index (CPI), annual rate of change (%) - discontinued","COICOP2018: General - Individual consumption expenditure of households","2014",2.752,,"Population coverage: Low income group"
"Colombia","CPS - Consumer Price Index","National consumer price index (CPI), annual rate of change (%) - discontinued","COICOP2018: 1. Food and non-alcoholic beverages","2014",2.727,,"Population coverage: Low income group"
"Cabo Verde","CPS - Consumer Price Index","National consumer price index (CPI), annual rate of change (%) - discontinued","COICOP2018: General - Individual consumption expenditure of households","2014",-0.244,,
"Cabo Verde","CPS - Consumer Price Index","National consumer price index (CPI), annual rate of change (%) - discontinued","COICOP2018: 1. Food and non-alcoholic beverages","2014",-1.18,,
"Costa Rica","CPS - Consumer Price Index","National consumer price index (CPI), annual rate of change (%) - discontinued","COICOP2018: General - Individual consumption expenditure of households","2014",4.519,,"Geographical coverage: Urban areas only"
"Costa Rica","CPS - Consumer Price Index","National consumer price index (CPI), annual rate of change (%) - discontinued","COICOP2018: 1. Food and non-alcoholic beverages","2014",4.272,,"Geographical coverage: Urban areas only"
"Cuba","CPS - Consumer Price Index","National consumer price index (CPI), annual rate of change (%) - discontinued","COICOP2018: General - Individual consumption expenditure of households","2008",1.628,,
"Cuba","CPS - Consumer Price Index","National consumer price index (CPI), annual rate of change (%) - discontinued","COICOP2018: 1. Food and non-alcoholic beverages","2008",1.351,"Nonstandard COICOP classification: Food and beverages",
"Cayman Islands","CPS - Consumer Price Survey","National consumer price index (CPI), annual rate of change (%) - discontinued","COICOP2018: General - Individual consumption expenditure of households","2014",1.255,,
"Cayman Islands","CPS - Consumer Price Survey","National consumer price index (CPI), annual rate of change (%) - discontinued","COICOP2018: 1. Food and non-alcoholic beverages","2014",2.306,,
"Cyprus","CPS - Consumer Price Survey","National consumer price index (CPI), annual rate of change (%) - discontinued","COICOP2018: General - Individual consumption expenditure of households","2014",-1.355,,
"Cyprus","CPS - Consumer Price Survey","National consumer price index (CPI), annual rate of change (%) - discontinued","COICOP2018: 1. Food and non-alcoholic beverages","2014",-1.454,,
"Czechia","CPS - Consumer Price Survey","National consumer price index (CPI), annual rate of change (%) - discontinued","COICOP2018: General - Individual consumption expenditure of households","2014",0.352,,
"Czechia","CPS - Consumer Price Survey","National consumer price index (CPI), annual rate of change (%) - discontinued","COICOP2018: 1. Food and non-alcoholic beverages","2014",2.013,,
"Germany","CPS - Consumer Price Survey","National consumer price index (CPI), annual rate of change (%) - discontinued","COICOP2018: General - Individual consumption expenditure of households","2014",0.907,,
"Germany","CPS - Consumer Price Survey","National consumer price index (CPI), annual rate of change (%) - discontinued","COICOP2018: 1. Food and non-alcoholic beverages","2014",1.034,,
"Dominica","CPS - Retail Price Index","National consumer price index (CPI), annual rate of change (%) - discontinued","COICOP2018: General - Individual consumption expenditure of households","2014",0.799,,
"Denmark","CPS - Consumer Price Survey","National consumer price index (CPI), annual rate of change (%) - discontinued","COICOP2018: General - Individual consumption expenditure of households","2014",0.565,,
"Denmark","CPS - Consumer Price Survey","National consumer price index (CPI), annual rate of change (%) - discontinued","COICOP2018: 1. Food and non-alcoholic beverages","2014",-0.906,,
"Dominican Republic","CPS - Consumer Price Index","National consumer price index (CPI), annual rate of change (%) - discontinued","COICOP2018: General - Individual consumption expenditure of households","2014",2.999,,
"Dominican Republic","CPS - Consumer Price Index","National consumer price index (CPI), annual rate of change (%) - discontinued","COICOP2018: 1. Food and non-alcoholic beverages","2014",3.909,,
"Algeria","CPS - Consumer Price Index","National consumer price index (CPI), annual rate of change (%) - discontinued","COICOP2018: General - Individual consumption expenditure of households","2014",3.867,,
"Algeria","CPS - Consumer Price Index","National consumer price index (CPI), annual rate of change (%) - discontinued","COICOP2018: 1. Food and non-alcoholic beverages","2014",4.537,,
"Ecuador","CPS - Consumer Price Index","National consumer price index (CPI), annual rate of change (%) - discontinued","COICOP2018: General - Individual consumption expenditure of households","2014",3.589,,
"Ecuador","CPS - Consumer Price Index","National consumer price index (CPI), annual rate of change (%) - discontinued","COICOP2018: 1. Food and non-alcoholic beverages","2014",4.522,,
"Egypt","CPS - Consumer Price Survey","National consumer price index (CPI), annual rate of change (%) - discontinued","COICOP2018: General - Individual consumption expenditure of households","2014",10.046,,
"Egypt","CPS - Consumer Price Survey","National consumer price index (CPI), annual rate of change (%) - discontinued","COICOP2018: 1. Food and non-alcoholic beverages","2014",12.298,,
"Spain","CPS - Consumer Price Index","National consumer price index (CPI), annual rate of change (%) - discontinued","COICOP2018: General - Individual consumption expenditure of households","2014",-0.151,,
"Spain","CPS - Consumer Price Index","National consumer price index (CPI), annual rate of change (%) - discontinued","COICOP2018: 1. Food and non-alcoholic beverages","2014",-0.349,,
"Estonia","CPS - Consumer Price Survey","National consumer price index (CPI), annual rate of change (%) - discontinued","COICOP2018: General - Individual consumption expenditure of households","2014",-0.126,,
"Estonia","CPS - Consumer Price Survey","National consumer price index (CPI), annual rate of change (%) - discontinued","COICOP2018: 1. Food and non-alcoholic beverages","2014",-0.028,,
"Ethiopia","CPS - Consumer Price Survey","National consumer price index (CPI), annual rate of change (%) - discontinued","COICOP2018: General - Individual consumption expenditure of households","2014",7.392,,
"Ethiopia","CPS - Consumer Price Survey","National consumer price index (CPI), annual rate of change (%) - discontinued","COICOP2018: 1. Food and non-alcoholic beverages","2014",5.428,,
"Finland","CPS - Consumer Price Survey","National consumer price index (CPI), annual rate of change (%) - discontinued","COICOP2018: General - Individual consumption expenditure of households","2014",1.044,,
"Finland","CPS - Consumer Price Survey","National consumer price index (CPI), annual rate of change (%) - discontinued","COICOP2018: 1. Food and non-alcoholic beverages","2014",0.219,,
"Fiji","CPS - Consumer Price Survey","National consumer price index (CPI), annual rate of change (%) - discontinued","COICOP2018: General - Individual consumption expenditure of households","2014",0.5,,
"Fiji","CPS - Consumer Price Survey","National consumer price index (CPI), annual rate of change (%) - discontinued","COICOP2018: 1. Food and non-alcoholic beverages","2014",1.946,,
"Falkland Islands, Malvinas","CPS - Retail Price Index","National consumer price index (CPI), annual rate of change (%) - discontinued","COICOP2018: General - Individual consumption expenditure of households","2003",1.191,,"Geographical coverage: Main city or metropolitan area"
"France","CPS - Consumer Price Index for Urban Households","National consumer price index (CPI), annual rate of change (%) - discontinued","COICOP2018: General - Individual consumption expenditure of households","2014",0.508,,
"France","CPS - Consumer Price Index for Urban Households","National consumer price index (CPI), annual rate of change (%) - discontinued","COICOP2018: 1. Food and non-alcoholic beverages","2014",-0.581,,
"Faroe Islands","CPS - Consumer Price Survey","National consumer price index (CPI), annual rate of change (%) - discontinued","COICOP2018: General - Individual consumption expenditure of households","2014",-1.018,,
"Faroe Islands","CPS - Consumer Price Survey","National consumer price index (CPI), annual rate of change (%) - discontinued","COICOP2018: 1. Food and non-alcoholic beverages","2014",0.02,,
"Gabon","CPS - Consumer Price Index, Africans","National consumer price index (CPI), annual rate of change (%) - discontinued","COICOP2018: General - Individual consumption expenditure of households","2013",0.494,,"Geographical coverage: Main city or metropolitan area | Population coverage: Africans"
"United Kingdom of Great Britain and Northern Ireland","CPS - Retail Price Index","National consumer price index (CPI), annual rate of change (%) - discontinued","COICOP2018: General - Individual consumption expenditure of households","2014",2.369,,
"United Kingdom of Great Britain and Northern Ireland","CPS - Retail Price Index","National consumer price index (CPI), annual rate of change (%) - discontinued","COICOP2018: 1. Food and non-alcoholic beverages","2014",0.045,,
"Georgia","CPS - Consumer Price Survey","National consumer price index (CPI), annual rate of change (%) - discontinued","COICOP2018: General - Individual consumption expenditure of households","2010",7.07,,"Geographical coverage: Urban areas only"
"Ghana","CPS - Consumer Price Survey","National consumer price index (CPI), annual rate of change (%) - discontinued","COICOP2018: General - Individual consumption expenditure of households","2014",15.489,,
"Ghana","CPS - Consumer Price Survey","National consumer price index (CPI), annual rate of change (%) - discontinued","COICOP2018: 1. Food and non-alcoholic beverages","2014",6.903,,
"Gibraltar","CPS - Index of Retail Prices","National consumer price index (CPI), annual rate of change (%) - discontinued","COICOP2018: General - Individual consumption expenditure of households","2014",1.801,,
"Gibraltar","CPS - Index of Retail Prices","National consumer price index (CPI), annual rate of change (%) - discontinued","COICOP2018: 1. Food and non-alcoholic beverages","2014",1.4,,
"Guinea","CPS - Consumer Price Survey","National consumer price index (CPI), annual rate of change (%) - discontinued","COICOP2018: General - Individual consumption expenditure of households","2014",9.714,,"Geographical coverage: Main city or metropolitan area"
"Guadeloupe","CPS - Consumer Price Index","National consumer price index (CPI), annual rate of change (%) - discontinued","COICOP2018: General - Individual consumption expenditure of households","2014",0.348,,
"Guadeloupe","CPS - Consumer Price Index","National consumer price index (CPI), annual rate of change (%) - discontinued","COICOP2018: 1. Food and non-alcoholic beverages","2014",0.732,,
"Gambia","CPS - Consumer Price Survey","National consumer price index (CPI), annual rate of change (%) - discontinued","COICOP2018: General - Individual consumption expenditure of households","2014",5.93,,"Geographical coverage: Main city or metropolitan area"
"Gambia","CPS - Consumer Price Survey","National consumer price index (CPI), annual rate of change (%) - discontinued","COICOP2018: 1. Food and non-alcoholic beverages","2014",6.786,,"Geographical coverage: Main city or metropolitan area"
"Guinea-Bissau","CPS - Consumer Price Survey","National consumer price index (CPI), annual rate of change (%) - discontinued","COICOP2018: General - Individual consumption expenditure of households","2014",-1.016,,"Geographical coverage: Main city or metropolitan area"
"Guinea-Bissau","CPS - Consumer Price Survey","National consumer price index (CPI), annual rate of change (%) - discontinued","COICOP2018: 1. Food and non-alcoholic beverages","2014",-1.279,,"Geographical coverage: Main city or metropolitan area"
"Equatorial Guinea","CPS - Consumer Price Index","National consumer price index (CPI), annual rate of change (%) - discontinued","COICOP2018: General - Individual consumption expenditure of households","2004",4.286,,"Geographical coverage: Main city or metropolitan area"
"Equatorial Guinea","CPS - Consumer Price Index","National consumer price index (CPI), annual rate of change (%) - discontinued","COICOP2018: 1. Food and non-alcoholic beverages","2004",4.383,,"Geographical coverage: Main city or metropolitan area"
"Greece","CPS - Consumer Price Survey","National consumer price index (CPI), annual rate of change (%) - discontinued","COICOP2018: General - Individual consumption expenditure of households","2014",-1.311,,
"Greece","CPS - Consumer Price Survey","National consumer price index (CPI), annual rate of change (%) - discontinued","COICOP2018: 1. Food and non-alcoholic beverages","2014",-1.681,,
"Grenada","CPS - Consumer Price Survey","National consumer price index (CPI), annual rate of change (%) - discontinued","COICOP2018: General - Individual consumption expenditure of households","2014",-0.984,,
"Greenland","CPS - Consumer Price Survey","National consumer price index (CPI), annual rate of change (%) - discontinued","COICOP2018: General - Individual consumption expenditure of households","2014",1.359,,
"Greenland","CPS - Consumer Price Survey","National consumer price index (CPI), annual rate of change (%) - discontinued","COICOP2018: 1. Food and non-alcoholic beverages","2014",2.219,,
"Guatemala","CPS - Consumer Price Index","National consumer price index (CPI), annual rate of change (%) - discontinued","COICOP2018: General - Individual consumption expenditure of households","2014",3.418,,
"Guatemala","CPS - Consumer Price Index","National consumer price index (CPI), annual rate of change (%) - discontinued","COICOP2018: 1. Food and non-alcoholic beverages","2014",7.462,,
"French Guiana","CPS - Consumer Price Index","National consumer price index (CPI), annual rate of change (%) - discontinued","COICOP2018: General - Individual consumption expenditure of households","2014",0.472,,
"French Guiana","CPS - Consumer Price Index","National consumer price index (CPI), annual rate of change (%) - discontinued","COICOP2018: 1. Food and non-alcoholic beverages","2014",1.52,,
"Guam","CPS - Consumer Price Survey","National consumer price index (CPI), annual rate of change (%) - discontinued","COICOP2018: General - Individual consumption expenditure of households","2014",0.752,,
"Guam","CPS - Consumer Price Survey","National consumer price index (CPI), annual rate of change (%) - discontinued","COICOP2018: 1. Food and non-alcoholic beverages","2014",4.777,"Nonstandard COICOP classification: Food and beverages",
"Guyana","CPS - Consumer Price Survey, Urban areas","National consumer price index (CPI), annual rate of change (%) - discontinued","COICOP2018: General - Individual consumption expenditure of households","2011",4.971,,"Geographical coverage: Main city or metropolitan area"
"Guyana","CPS - Consumer Price Survey, Urban areas","National consumer price index (CPI), annual rate of change (%) - discontinued","COICOP2018: 1. Food and non-alcoholic beverages","2011",7.239,"Nonstandard COICOP classification: Food, beverages and tobacco","Geographical coverage: Main city or metropolitan area"
"Hong Kong, China","CPS - Consumer Price Survey","National consumer price index (CPI), annual rate of change (%) - discontinued","COICOP2018: General - Individual consumption expenditure of households","2014",4.4,,
"Honduras","CPS - Consumer Price Index","National consumer price index (CPI), annual rate of change (%) - discontinued","COICOP2018: General - Individual consumption expenditure of households","2014",6.129,,
"Honduras","CPS - Consumer Price Index","National consumer price index (CPI), annual rate of change (%) - discontinued","COICOP2018: 1. Food and non-alcoholic beverages","2014",7.08,"Nonstandard COICOP classification: Food",
"Croatia","CPS - Consumer Price Index","National consumer price index (CPI), annual rate of change (%) - discontinued","COICOP2018: General - Individual consumption expenditure of households","2014",-0.208,,
"Haiti","CPS - Consumer Price Index, Metropolitan Area","National consumer price index (CPI), annual rate of change (%) - discontinued","COICOP2018: General - Individual consumption expenditure of households","2014",4.566,,
"Haiti","CPS - Consumer Price Index, Metropolitan Area","National consumer price index (CPI), annual rate of change (%) - discontinued","COICOP2018: 1. Food and non-alcoholic beverages","2014",3.82,"Nonstandard COICOP classification: Food, beverages and tobacco",
"Hungary","CPS - Consumer Price Survey","National consumer price index (CPI), annual rate of change (%) - discontinued","COICOP2018: General - Individual consumption expenditure of households","2014",-0.222,,
"Hungary","CPS - Consumer Price Survey","National consumer price index (CPI), annual rate of change (%) - discontinued","COICOP2018: 1. Food and non-alcoholic beverages","2014",-0.358,,
"Indonesia","CPS - Consumer Price Survey, Combined","National consumer price index (CPI), annual rate of change (%) - discontinued","COICOP2018: General - Individual consumption expenditure of households","2014",8.36,,
"Indonesia","CPS - Consumer Price Survey, Combined","National consumer price index (CPI), annual rate of change (%) - discontinued","COICOP2018: 1. Food and non-alcoholic beverages","2014",10.57,,
"Isle of Man","CPS - General Index of Retail Prices","National consumer price index (CPI), annual rate of change (%) - discontinued","COICOP2018: General - Individual consumption expenditure of households","2014",2.637,,
"Isle of Man","CPS - General Index of Retail Prices","National consumer price index (CPI), annual rate of change (%) - discontinued","COICOP2018: 1. Food and non-alcoholic beverages","2014",5.672,,
"India","CPS - Consumer Price Survey, Industrial Workers","National consumer price index (CPI), annual rate of change (%) - discontinued","COICOP2018: General - Individual consumption expenditure of households","2014",6.353,,"Population coverage: Industrial workers"
"India","CPS - Consumer Price Survey, Industrial Workers","National consumer price index (CPI), annual rate of change (%) - discontinued","COICOP2018: 1. Food and non-alcoholic beverages","2014",6.627,,"Population coverage: Industrial workers"
"Ireland","CPS - Consumer Price Survey","National consumer price index (CPI), annual rate of change (%) - discontinued","COICOP2018: General - Individual consumption expenditure of households","2014",0.197,,
"Ireland","CPS - Consumer Price Survey","National consumer price index (CPI), annual rate of change (%) - discontinued","COICOP2018: 1. Food and non-alcoholic beverages","2014",-2.235,,
"Iran (Islamic Republic of)","CPS - Consumer Price Survey","National consumer price index (CPI), annual rate of change (%) - discontinued","COICOP2018: General - Individual consumption expenditure of households","2014",17.235,,
"Iran (Islamic Republic of)","CPS - Consumer Price Survey","National consumer price index (CPI), annual rate of change (%) - discontinued","COICOP2018: 1. Food and non-alcoholic beverages","2014",11.853,,
"Iraq","CPS - Consumer Price Survey","National consumer price index (CPI), annual rate of change (%) - discontinued","COICOP2018: General - Individual consumption expenditure of households","2014",2.236,,
"Iraq","CPS - Consumer Price Survey","National consumer price index (CPI), annual rate of change (%) - discontinued","COICOP2018: 1. Food and non-alcoholic beverages","2014",2.703,,
"Iceland","CPS - Cost of Living Index","National consumer price index (CPI), annual rate of change (%) - discontinued","COICOP2018: General - Individual consumption expenditure of households","2014",2.044,,"Data reference period: Noncalendar year"
"Iceland","CPS - Cost of Living Index","National consumer price index (CPI), annual rate of change (%) - discontinued","COICOP2018: 1. Food and non-alcoholic beverages","2014",0.505,,"Data reference period: Noncalendar year"
"Israel","CPS - Consumer Price Survey","National consumer price index (CPI), annual rate of change (%) - discontinued","COICOP2018: General - Individual consumption expenditure of households","2014",0.476,,
"Israel","CPS - Consumer Price Survey","National consumer price index (CPI), annual rate of change (%) - discontinued","COICOP2018: 1. Food and non-alcoholic beverages","2014",-0.667,,
"Italy","CPS - Consumer Price Survey","National consumer price index (CPI), annual rate of change (%) - discontinued","COICOP2018: General - Individual consumption expenditure of households","2014",0.241,,
"Italy","CPS - Consumer Price Survey","National consumer price index (CPI), annual rate of change (%) - discontinued","COICOP2018: 1. Food and non-alcoholic beverages","2014",0.116,,
"Jamaica","CPS - Consumer Price Survey","National consumer price index (CPI), annual rate of change (%) - discontinued","COICOP2018: General - Individual consumption expenditure of households","2014",8.285,,
"Jamaica","CPS - Consumer Price Survey","National consumer price index (CPI), annual rate of change (%) - discontinued","COICOP2018: 1. Food and non-alcoholic beverages","2014",8.619,,
"Jersey","CPS - Consumer Price Survey","National consumer price index (CPI), annual rate of change (%) - discontinued","COICOP2018: General - Individual consumption expenditure of households","2014",1.636,,
"Jersey","CPS - Consumer Price Survey","National consumer price index (CPI), annual rate of change (%) - discontinued","COICOP2018: 1. Food and non-alcoholic beverages","2014",1.043,,
"Jordan","CPS - Consumer Price Survey","National consumer price index (CPI), annual rate of change (%) - discontinued","COICOP2018: General - Individual consumption expenditure of households","2014",2.828,,
"Jordan","CPS - Consumer Price Survey","National consumer price index (CPI), annual rate of change (%) - discontinued","COICOP2018: 1. Food and non-alcoholic beverages","2014",1.833,"Nonstandard COICOP classification: Food, beverages and tobacco",
"Japan","CPS - Consumer Price Survey","National consumer price index (CPI), annual rate of change (%) - discontinued","COICOP2018: General - Individual consumption expenditure of households","2014",2.74,,
"Japan","CPS - Consumer Price Survey","National consumer price index (CPI), annual rate of change (%) - discontinued","COICOP2018: 1. Food and non-alcoholic beverages","2014",3.8,,
"Kazakhstan","CPS - Consumer Price Survey","National consumer price index (CPI), annual rate of change (%) - discontinued","COICOP2018: General - Individual consumption expenditure of households","2008",17.049,,
"Kenya","CPS - Consumer Price Survey","National consumer price index (CPI), annual rate of change (%) - discontinued","COICOP2018: General - Individual consumption expenditure of households","2014",6.881,,
"Kyrgyzstan","CPS - Consumer Price Survey","National consumer price index (CPI), annual rate of change (%) - discontinued","COICOP2018: General - Individual consumption expenditure of households","2006",5.555,,
"Kyrgyzstan","CPS - Consumer Price Survey","National consumer price index (CPI), annual rate of change (%) - discontinued","COICOP2018: 1. Food and non-alcoholic beverages","2006",8.775,,
"Cambodia","CPS - Consumer Price Survey","National consumer price index (CPI), annual rate of change (%) - discontinued","COICOP2018: General - Individual consumption expenditure of households","2013",2.951,,"Geographical coverage: Main city or metropolitan area"
"Cambodia","CPS - Consumer Price Survey","National consumer price index (CPI), annual rate of change (%) - discontinued","COICOP2018: 1. Food and non-alcoholic beverages","2013",3.877,,"Geographical coverage: Main city or metropolitan area"
"Kiribati","CPS - Retail Price Index","National consumer price index (CPI), annual rate of change (%) - discontinued","COICOP2018: General - Individual consumption expenditure of households","2008",11.006,,"Geographical coverage: Main city or metropolitan area"
"Kiribati","CPS - Retail Price Index","National consumer price index (CPI), annual rate of change (%) - discontinued","COICOP2018: 1. Food and non-alcoholic beverages","2008",16.633,,"Geographical coverage: Main city or metropolitan area"
"Saint Kitts and Nevis","CPS - Consumer Price Survey","National consumer price index (CPI), annual rate of change (%) - discontinued","COICOP2018: General - Individual consumption expenditure of households","2014",1.067,,
"Saint Kitts and Nevis","CPS - Consumer Price Survey","National consumer price index (CPI), annual rate of change (%) - discontinued","COICOP2018: 1. Food and non-alcoholic beverages","2014",0.705,,
"Republic of Korea","CPS - Consumer Price Survey","National consumer price index (CPI), annual rate of change (%) - discontinued","COICOP2018: General - Individual consumption expenditure of households","2014",1.422,,
"Republic of Korea","CPS - Consumer Price Survey","National consumer price index (CPI), annual rate of change (%) - discontinued","COICOP2018: 1. Food and non-alcoholic beverages","2014",0.656,,
"Kosovo","CPS - Consumer Price Survey","National consumer price index (CPI), annual rate of change (%) - discontinued","COICOP2018: General - Individual consumption expenditure of households","2014",0.42,,
"Kosovo","CPS - Consumer Price Survey","National consumer price index (CPI), annual rate of change (%) - discontinued","COICOP2018: 1. Food and non-alcoholic beverages","2014",-0.173,,
"Kuwait","CPS - Consumer Price Survey","National consumer price index (CPI), annual rate of change (%) - discontinued","COICOP2018: General - Individual consumption expenditure of households","2014",2.89,,
"Kuwait","CPS - Consumer Price Survey","National consumer price index (CPI), annual rate of change (%) - discontinued","COICOP2018: 1. Food and non-alcoholic beverages","2014",2.825,"Nonstandard COICOP classification: Food",
"Lao People's Democratic Republic","CPS - Consumer Price Survey","National consumer price index (CPI), annual rate of change (%) - discontinued","COICOP2018: General - Individual consumption expenditure of households","2014",4.142,,
"Lebanon","CPS - Consumer Price Survey","National consumer price index (CPI), annual rate of change (%) - discontinued","COICOP2018: General - Individual consumption expenditure of households","2013",5.541,,
"Lebanon","CPS - Consumer Price Survey","National consumer price index (CPI), annual rate of change (%) - discontinued","COICOP2018: 1. Food and non-alcoholic beverages","2013",2.543,,
"Liberia","CPS - Consumer Price Survey","National consumer price index (CPI), annual rate of change (%) - discontinued","COICOP2018: General - Individual consumption expenditure of households","1990",8.128,,"Data reference period: Incomplete year | Geographical coverage: Main city or metropolitan area"
"Liberia","CPS - Consumer Price Survey","National consumer price index (CPI), annual rate of change (%) - discontinued","COICOP2018: 1. Food and non-alcoholic beverages","1990",13.768,,"Data reference period: Incomplete year | Geographical coverage: Main city or metropolitan area"
"Libya","CPS - Consumer Price Survey","National consumer price index (CPI), annual rate of change (%) - discontinued","COICOP2018: General - Individual consumption expenditure of households","1984",8.924,"Nonstandard COICOP classification: Excluding rents","Geographical coverage: Main city or metropolitan area"
"Libya","CPS - Consumer Price Survey","National consumer price index (CPI), annual rate of change (%) - discontinued","COICOP2018: 1. Food and non-alcoholic beverages","1984",10.892,,"Geographical coverage: Main city or metropolitan area"
"Saint Lucia","CPS - Consumer Price Survey","National consumer price index (CPI), annual rate of change (%) - discontinued","COICOP2018: General - Individual consumption expenditure of households","2014",3.519,,
"Saint Lucia","CPS - Consumer Price Survey","National consumer price index (CPI), annual rate of change (%) - discontinued","COICOP2018: 1. Food and non-alcoholic beverages","2014",2.094,,
"Sri Lanka","CPS - Consumer Price Survey","National consumer price index (CPI), annual rate of change (%) - discontinued","COICOP2018: General - Individual consumption expenditure of households","2014",3.277,,"Geographical coverage: Main city or metropolitan area"
"Sri Lanka","CPS - Consumer Price Survey","National consumer price index (CPI), annual rate of change (%) - discontinued","COICOP2018: 1. Food and non-alcoholic beverages","2014",3.771,,"Geographical coverage: Main city or metropolitan area"
"Lesotho","CPS - Consumer Price Survey","National consumer price index (CPI), annual rate of change (%) - discontinued","COICOP2018: General - Individual consumption expenditure of households","2014",5.341,,
"Lesotho","CPS - Consumer Price Survey","National consumer price index (CPI), annual rate of change (%) - discontinued","COICOP2018: 1. Food and non-alcoholic beverages","2014",5.322,,
"Lithuania","CPS - Consumer Price Survey","National consumer price index (CPI), annual rate of change (%) - discontinued","COICOP2018: General - Individual consumption expenditure of households","2014",0.101,,
"Lithuania","CPS - Consumer Price Survey","National consumer price index (CPI), annual rate of change (%) - discontinued","COICOP2018: 1. Food and non-alcoholic beverages","2014",0.772,,
"Luxembourg","CPS - Consumer Price Index","National consumer price index (CPI), annual rate of change (%) - discontinued","COICOP2018: General - Individual consumption expenditure of households","2014",0.629,,
"Luxembourg","CPS - Consumer Price Index","National consumer price index (CPI), annual rate of change (%) - discontinued","COICOP2018: 1. Food and non-alcoholic beverages","2014",0.562,,
"Latvia","CPS - Consumer Price Survey","National consumer price index (CPI), annual rate of change (%) - discontinued","COICOP2018: General - Individual consumption expenditure of households","2014",0.619,,
"Latvia","CPS - Consumer Price Survey","National consumer price index (CPI), annual rate of change (%) - discontinued","COICOP2018: 1. Food and non-alcoholic beverages","2014",-0.267,,
"Macao, China","CPS - Consumer Price Survey","National consumer price index (CPI), annual rate of change (%) - discontinued","COICOP2018: General - Individual consumption expenditure of households","2014",6.1,,
"Macao, China","CPS - Consumer Price Survey","National consumer price index (CPI), annual rate of change (%) - discontinued","COICOP2018: 1. Food and non-alcoholic beverages","2014",6.1,,
"Morocco","CPS - Cost of Living Index","National consumer price index (CPI), annual rate of change (%) - discontinued","COICOP2018: General - Individual consumption expenditure of households","2014",0.443,,
"Morocco","CPS - Cost of Living Index","National consumer price index (CPI), annual rate of change (%) - discontinued","COICOP2018: 1. Food and non-alcoholic beverages","2014",-1.205,,
"Republic of Moldova","CPS - Consumer Price Survey","National consumer price index (CPI), annual rate of change (%) - discontinued","COICOP2018: General - Individual consumption expenditure of households","2014",5.089,,
"Republic of Moldova","CPS - Consumer Price Survey","National consumer price index (CPI), annual rate of change (%) - discontinued","COICOP2018: 1. Food and non-alcoholic beverages","2014",6.483,,
"Madagascar","CPS - Consumer Price Index","National consumer price index (CPI), annual rate of change (%) - discontinued","COICOP2018: General - Individual consumption expenditure of households","2014",6.081,,
"Madagascar","CPS - Consumer Price Index","National consumer price index (CPI), annual rate of change (%) - discontinued","COICOP2018: 1. Food and non-alcoholic beverages","2014",5.403,"Nonstandard COICOP classification: Food, beverages and tobacco",
"Maldives","CPS - Consumer Price Survey","National consumer price index (CPI), annual rate of change (%) - discontinued","COICOP2018: General - Individual consumption expenditure of households","2014",2.449,,"Geographical coverage: Main city or metropolitan area"
"Maldives","CPS - Consumer Price Survey","National consumer price index (CPI), annual rate of change (%) - discontinued","COICOP2018: 1. Food and non-alcoholic beverages","2014",1.011,,"Geographical coverage: Main city or metropolitan area"
"Mexico","CPS - Consumer Price Index","National consumer price index (CPI), annual rate of change (%) - discontinued","COICOP2018: General - Individual consumption expenditure of households","2014",4.019,,
"Mexico","CPS - Consumer Price Index","National consumer price index (CPI), annual rate of change (%) - discontinued","COICOP2018: 1. Food and non-alcoholic beverages","2014",5.003,"Nonstandard COICOP classification: Food, beverages and tobacco",
"Marshall Islands","CPS - Consumer Price Survey","National consumer price index (CPI), annual rate of change (%) - discontinued","COICOP2018: General - Individual consumption expenditure of households","2008",16.758,,"Geographical coverage: Main city or metropolitan area"
"Marshall Islands","CPS - Consumer Price Survey","National consumer price index (CPI), annual rate of change (%) - discontinued","COICOP2018: 1. Food and non-alcoholic beverages","2008",16.758,,"Geographical coverage: Main city or metropolitan area"
"North Macedonia","CPS - Cost of Living Index","National consumer price index (CPI), annual rate of change (%) - discontinued","COICOP2018: General - Individual consumption expenditure of households","2014",0.3,,
"North Macedonia","CPS - Cost of Living Index","National consumer price index (CPI), annual rate of change (%) - discontinued","COICOP2018: 1. Food and non-alcoholic beverages","2014",1,,
"Mali","CPS - Consumer Price Survey, Main City","National consumer price index (CPI), annual rate of change (%) - discontinued","COICOP2018: General - Individual consumption expenditure of households","2014",0.888,,"Geographical coverage: Main city or metropolitan area"
"Mali","CPS - Consumer Price Survey, Main City","National consumer price index (CPI), annual rate of change (%) - discontinued","COICOP2018: 1. Food and non-alcoholic beverages","2014",-0.219,,"Geographical coverage: Main city or metropolitan area"
"Malta","CPS - Retail Price Index","National consumer price index (CPI), annual rate of change (%) - discontinued","COICOP2018: General - Individual consumption expenditure of households","2014",0.312,,
"Malta","CPS - Retail Price Index","National consumer price index (CPI), annual rate of change (%) - discontinued","COICOP2018: 1. Food and non-alcoholic beverages","2014",0.526,,
"Myanmar","CPS - Consumer Price Survey","National consumer price index (CPI), annual rate of change (%) - discontinued","COICOP2018: General - Individual consumption expenditure of households","2012",1.468,,
"Myanmar","CPS - Consumer Price Survey","National consumer price index (CPI), annual rate of change (%) - discontinued","COICOP2018: 1. Food and non-alcoholic beverages","2012",-1.484,,
"Montenegro","CPS - Consumer Price Survey","National consumer price index (CPI), annual rate of change (%) - discontinued","COICOP2018: General - Individual consumption expenditure of households","2010",0.676,,
"Montenegro","CPS - Consumer Price Survey","National consumer price index (CPI), annual rate of change (%) - discontinued","COICOP2018: 1. Food and non-alcoholic beverages","2010",0.737,,
"Mongolia","CPS - Consumer Price Survey","National consumer price index (CPI), annual rate of change (%) - discontinued","COICOP2018: General - Individual consumption expenditure of households","2011",9.108,,
"Mongolia","CPS - Consumer Price Survey","National consumer price index (CPI), annual rate of change (%) - discontinued","COICOP2018: 1. Food and non-alcoholic beverages","2011",7.668,,
"Northern Mariana Islands","CPS - Consumer Price Survey","National consumer price index (CPI), annual rate of change (%) - discontinued","COICOP2018: General - Individual consumption expenditure of households","2009",3.647,,"Geographical coverage: Main city or metropolitan area"
"Northern Mariana Islands","CPS - Consumer Price Survey","National consumer price index (CPI), annual rate of change (%) - discontinued","COICOP2018: 1. Food and non-alcoholic beverages","2009",6.803,,"Geographical coverage: Main city or metropolitan area"
"Mozambique","CPS - Consumer Price Survey","National consumer price index (CPI), annual rate of change (%) - discontinued","COICOP2018: General - Individual consumption expenditure of households","2014",2.56,,
"Mauritania","CPS - Consumer Price Survey","National consumer price index (CPI), annual rate of change (%) - discontinued","COICOP2018: General - Individual consumption expenditure of households","2013",4.13,,
"Mauritania","CPS - Consumer Price Survey","National consumer price index (CPI), annual rate of change (%) - discontinued","COICOP2018: 1. Food and non-alcoholic beverages","2013",4.41,,
"Montserrat","CPS - Consumer Price Survey","National consumer price index (CPI), annual rate of change (%) - discontinued","COICOP2018: General - Individual consumption expenditure of households","2014",-0.29,,
"Martinique","CPS - Consumer Price Index","National consumer price index (CPI), annual rate of change (%) - discontinued","COICOP2018: General - Individual consumption expenditure of households","2014",0.745,,
"Martinique","CPS - Consumer Price Index","National consumer price index (CPI), annual rate of change (%) - discontinued","COICOP2018: 1. Food and non-alcoholic beverages","2014",1.244,,
"Mauritius","CPS - Consumer Price Survey","National consumer price index (CPI), annual rate of change (%) - discontinued","COICOP2018: General - Individual consumption expenditure of households","2014",3.218,,
"Mauritius","CPS - Consumer Price Survey","National consumer price index (CPI), annual rate of change (%) - discontinued","COICOP2018: 1. Food and non-alcoholic beverages","2014",4.63,,
"Malawi","CPS - Consumer Price Survey","National consumer price index (CPI), annual rate of change (%) - discontinued","COICOP2018: General - Individual consumption expenditure of households","2014",23.792,,
"Malawi","CPS - Consumer Price Survey","National consumer price index (CPI), annual rate of change (%) - discontinued","COICOP2018: 1. Food and non-alcoholic beverages","2014",21.206,,
"Malaysia","CPS - Consumer Price Survey","National consumer price index (CPI), annual rate of change (%) - discontinued","COICOP2018: General - Individual consumption expenditure of households","2014",3.143,,
"Malaysia","CPS - Consumer Price Survey","National consumer price index (CPI), annual rate of change (%) - discontinued","COICOP2018: 1. Food and non-alcoholic beverages","2014",3.342,,
"Namibia","CPS - Consumer Price Survey","National consumer price index (CPI), annual rate of change (%) - discontinued","COICOP2018: General - Individual consumption expenditure of households","2014",5.352,,
"Namibia","CPS - Consumer Price Survey","National consumer price index (CPI), annual rate of change (%) - discontinued","COICOP2018: 1. Food and non-alcoholic beverages","2014",8.259,,
"New Caledonia","CPS - Consumer Price Index","National consumer price index (CPI), annual rate of change (%) - discontinued","COICOP2018: General - Individual consumption expenditure of households","2014",0.179,,"Geographical coverage: Main city or metropolitan area"
"New Caledonia","CPS - Consumer Price Index","National consumer price index (CPI), annual rate of change (%) - discontinued","COICOP2018: 1. Food and non-alcoholic beverages","2014",0.411,,"Geographical coverage: Main city or metropolitan area"
"Niger","CPS - Consumer Price Index, Africans","National consumer price index (CPI), annual rate of change (%) - discontinued","COICOP2018: General - Individual consumption expenditure of households","2014",-0.925,,"Geographical coverage: Main city or metropolitan area | Population coverage: Africans"
"Niger","CPS - Consumer Price Index, Africans","National consumer price index (CPI), annual rate of change (%) - discontinued","COICOP2018: 1. Food and non-alcoholic beverages","2014",-1.263,,"Geographical coverage: Main city or metropolitan area | Population coverage: Africans"
"Norfolk Island","CPS - Consumer Price Survey","National consumer price index (CPI), annual rate of change (%) - discontinued","COICOP2018: General - Individual consumption expenditure of households","2010",2.694,,
"Norfolk Island","CPS - Consumer Price Survey","National consumer price index (CPI), annual rate of change (%) - discontinued","COICOP2018: 1. Food and non-alcoholic beverages","2010",2.279,,
"Nigeria","CPS - Consumer Price Survey","National consumer price index (CPI), annual rate of change (%) - discontinued","COICOP2018: General - Individual consumption expenditure of households","2014",8.057,,
"Nigeria","CPS - Consumer Price Survey","National consumer price index (CPI), annual rate of change (%) - discontinued","COICOP2018: 1. Food and non-alcoholic beverages","2014",9.479,"Nonstandard COICOP classification: Food",
"Nicaragua","CPS - Consumer Price Index","National consumer price index (CPI), annual rate of change (%) - discontinued","COICOP2018: General - Individual consumption expenditure of households","2014",6.018,,
"Nicaragua","CPS - Consumer Price Index","National consumer price index (CPI), annual rate of change (%) - discontinued","COICOP2018: 1. Food and non-alcoholic beverages","2014",7.869,,
"Niue","CPS - Retail Price Index","National consumer price index (CPI), annual rate of change (%) - discontinued","COICOP2018: General - Individual consumption expenditure of households","2009",11.667,,
"Niue","CPS - Retail Price Index","National consumer price index (CPI), annual rate of change (%) - discontinued","COICOP2018: 1. Food and non-alcoholic beverages","2009",22.785,,
"Netherlands","CPS - Price Index Numbers of Final Consumption Expenditure","National consumer price index (CPI), annual rate of change (%) - discontinued","COICOP2018: General - Individual consumption expenditure of households","2014",0.975,,
"Netherlands","CPS - Price Index Numbers of Final Consumption Expenditure","National consumer price index (CPI), annual rate of change (%) - discontinued","COICOP2018: 1. Food and non-alcoholic beverages","2014",-0.059,,
"Norway","CPS - Consumer Price Survey","National consumer price index (CPI), annual rate of change (%) - discontinued","COICOP2018: General - Individual consumption expenditure of households","2014",2.025,,
"Norway","CPS - Consumer Price Survey","National consumer price index (CPI), annual rate of change (%) - discontinued","COICOP2018: 1. Food and non-alcoholic beverages","2014",3.351,,
"Nepal","CPS - Consumer Price Survey","National consumer price index (CPI), annual rate of change (%) - discontinued","COICOP2018: General - Individual consumption expenditure of households","2014",8.133,,
"Nepal","CPS - Consumer Price Survey","National consumer price index (CPI), annual rate of change (%) - discontinued","COICOP2018: 1. Food and non-alcoholic beverages","2014",10.848,,
"New Zealand","CPS - Consumer Price Survey","National consumer price index (CPI), annual rate of change (%) - discontinued","COICOP2018: General - Individual consumption expenditure of households","2014",1.228,,
"New Zealand","CPS - Consumer Price Survey","National consumer price index (CPI), annual rate of change (%) - discontinued","COICOP2018: 1. Food and non-alcoholic beverages","2014",0.531,,
"Oman","CPS - Consumer Price Survey","National consumer price index (CPI), annual rate of change (%) - discontinued","COICOP2018: General - Individual consumption expenditure of households","2009",5.134,,"Geographical coverage: Main city or metropolitan area"
"Oman","CPS - Consumer Price Survey","National consumer price index (CPI), annual rate of change (%) - discontinued","COICOP2018: 1. Food and non-alcoholic beverages","2009",0.614,"Nonstandard COICOP classification: Food, beverages and tobacco","Geographical coverage: Main city or metropolitan area"
"Pakistan","CPS - Consumer Price Survey, Combined","National consumer price index (CPI), annual rate of change (%) - discontinued","COICOP2018: General - Individual consumption expenditure of households","2014",7.19,,
"Pakistan","CPS - Consumer Price Survey, Combined","National consumer price index (CPI), annual rate of change (%) - discontinued","COICOP2018: 1. Food and non-alcoholic beverages","2014",6.533,,
"Panama","CPS - Consumer Price Index","National consumer price index (CPI), annual rate of change (%) - discontinued","COICOP2018: General - Individual consumption expenditure of households","2013",4.027,,"Geographical coverage: Urban areas only"
"Panama","CPS - Consumer Price Index","National consumer price index (CPI), annual rate of change (%) - discontinued","COICOP2018: 1. Food and non-alcoholic beverages","2013",5.753,,"Geographical coverage: Urban areas only"
"Peru","CPS - Consumer Price Index","National consumer price index (CPI), annual rate of change (%) - discontinued","COICOP2018: General - Individual consumption expenditure of households","2014",3.245,,"Geographical coverage: Main city or metropolitan area"
"Peru","CPS - Consumer Price Index","National consumer price index (CPI), annual rate of change (%) - discontinued","COICOP2018: 1. Food and non-alcoholic beverages","2014",3.646,,"Geographical coverage: Main city or metropolitan area"
"Philippines","CPS - Consumer Price Survey for All-Income Households in the Philippines","National consumer price index (CPI), annual rate of change (%) - discontinued","COICOP2018: General - Individual consumption expenditure of households","2014",4.174,,
"Philippines","CPS - Consumer Price Survey for All-Income Households in the Philippines","National consumer price index (CPI), annual rate of change (%) - discontinued","COICOP2018: 1. Food and non-alcoholic beverages","2014",6.659,,
"Papua New Guinea","CPS - Consumer Price Survey","National consumer price index (CPI), annual rate of change (%) - discontinued","COICOP2018: General - Individual consumption expenditure of households","2013",3.539,,
"Poland","CPS - Consumer Price Survey","National consumer price index (CPI), annual rate of change (%) - discontinued","COICOP2018: 1. Food and non-alcoholic beverages","2014",-0.492,"Nonstandard COICOP classification: Food and beverages",
"Puerto Rico","CPS - Consumer Price Index","National consumer price index (CPI), annual rate of change (%) - discontinued","COICOP2018: General - Individual consumption expenditure of households","2014",0.566,,
"Puerto Rico","CPS - Consumer Price Index","National consumer price index (CPI), annual rate of change (%) - discontinued","COICOP2018: 1. Food and non-alcoholic beverages","2014",2.096,"Nonstandard COICOP classification: Food and beverages",
"Portugal","CPS - Consumer Price Index","National consumer price index (CPI), annual rate of change (%) - discontinued","COICOP2018: General - Individual consumption expenditure of households","2014",-0.411,"Nonstandard COICOP classification: Excluding rents",
"Portugal","CPS - Consumer Price Index","National consumer price index (CPI), annual rate of change (%) - discontinued","COICOP2018: 1. Food and non-alcoholic beverages","2014",-1.3,,
"Paraguay","CPS - Consumer Price Index","National consumer price index (CPI), annual rate of change (%) - discontinued","COICOP2018: General - Individual consumption expenditure of households","2014",5.029,,"Geographical coverage: Main city or metropolitan area"
"Paraguay","CPS - Consumer Price Index","National consumer price index (CPI), annual rate of change (%) - discontinued","COICOP2018: 1. Food and non-alcoholic beverages","2014",6.459,,"Geographical coverage: Main city or metropolitan area"
"Palestine (State of)","CPS - Consumer Price Survey","National consumer price index (CPI), annual rate of change (%) - discontinued","COICOP2018: General - Individual consumption expenditure of households","2014",1.729,,
"Palestine (State of)","CPS - Consumer Price Survey","National consumer price index (CPI), annual rate of change (%) - discontinued","COICOP2018: 1. Food and non-alcoholic beverages","2014",0.37,,
"French Polynesia","CPS - Retail Price Index","National consumer price index (CPI), annual rate of change (%) - discontinued","COICOP2018: General - Individual consumption expenditure of households","2014",0.272,,
"French Polynesia","CPS - Retail Price Index","National consumer price index (CPI), annual rate of change (%) - discontinued","COICOP2018: 1. Food and non-alcoholic beverages","2014",0.876,,
"Qatar","CPS - Consumer Price Survey","National consumer price index (CPI), annual rate of change (%) - discontinued","COICOP2018: General - Individual consumption expenditure of households","2014",2.99,,
"Qatar","CPS - Consumer Price Survey","National consumer price index (CPI), annual rate of change (%) - discontinued","COICOP2018: 1. Food and non-alcoholic beverages","2014",0.392,"Nonstandard COICOP classification: Food, beverages and tobacco",
"Réunion","CPS - Consumer Price Index for Middle-Income Urban Households","National consumer price index (CPI), annual rate of change (%) - discontinued","COICOP2018: General - Individual consumption expenditure of households","2014",0.199,,
"Réunion","CPS - Consumer Price Index for Middle-Income Urban Households","National consumer price index (CPI), annual rate of change (%) - discontinued","COICOP2018: 1. Food and non-alcoholic beverages","2014",0.888,,
"Romania","CPS - Consumer Price Survey","National consumer price index (CPI), annual rate of change (%) - discontinued","COICOP2018: General - Individual consumption expenditure of households","2014",1.068,,
"Romania","CPS - Consumer Price Survey","National consumer price index (CPI), annual rate of change (%) - discontinued","COICOP2018: 1. Food and non-alcoholic beverages","2014",-1.633,,
"Russian Federation","CPS - Consumer Price Survey","National consumer price index (CPI), annual rate of change (%) - discontinued","COICOP2018: General - Individual consumption expenditure of households","2013",6.766,,
"Rwanda","CPS - Consumer Price Survey","National consumer price index (CPI), annual rate of change (%) - discontinued","COICOP2018: General - Individual consumption expenditure of households","2014",1.707,,
"Rwanda","CPS - Consumer Price Survey","National consumer price index (CPI), annual rate of change (%) - discontinued","COICOP2018: 1. Food and non-alcoholic beverages","2014",4.761,,
"Saudi Arabia","CPS - Consumer Price Survey","National consumer price index (CPI), annual rate of change (%) - discontinued","COICOP2018: General - Individual consumption expenditure of households","2014",2.677,,"Geographical coverage: Urban areas only"
"Saudi Arabia","CPS - Consumer Price Survey","National consumer price index (CPI), annual rate of change (%) - discontinued","COICOP2018: 1. Food and non-alcoholic beverages","2014",3.263,"Nonstandard COICOP classification: Food, beverages and tobacco","Geographical coverage: Urban areas only"
"Sudan","CPS - Consumer Price Survey, high Income Group","National consumer price index (CPI), annual rate of change (%) - discontinued","COICOP2018: 1. Food and non-alcoholic beverages","1992",97.369,"Nonstandard COICOP classification: Food, beverages and tobacco","Population coverage: High income group"
"Senegal","CPS - Consumer Price Index","National consumer price index (CPI), annual rate of change (%) - discontinued","COICOP2018: General - Individual consumption expenditure of households","2014",-1.409,,
"Senegal","CPS - Consumer Price Index","National consumer price index (CPI), annual rate of change (%) - discontinued","COICOP2018: 1. Food and non-alcoholic beverages","2014",0.782,,
"Singapore","CPS - Consumer Price Survey","National consumer price index (CPI), annual rate of change (%) - discontinued","COICOP2018: General - Individual consumption expenditure of households","2014",1,,
"Singapore","CPS - Consumer Price Survey","National consumer price index (CPI), annual rate of change (%) - discontinued","COICOP2018: 1. Food and non-alcoholic beverages","2014",2.9,,
"Saint Helena","CPS - Retail Price Index","National consumer price index (CPI), annual rate of change (%) - discontinued","COICOP2018: General - Individual consumption expenditure of households","2014",2.108,,
"Saint Helena","CPS - Retail Price Index","National consumer price index (CPI), annual rate of change (%) - discontinued","COICOP2018: 1. Food and non-alcoholic beverages","2014",1.955,,
"Solomon Islands","CPS - Retail Price Index","National consumer price index (CPI), annual rate of change (%) - discontinued","COICOP2018: General - Individual consumption expenditure of households","2013",5.388,,"Geographical coverage: Main city or metropolitan area"
"Solomon Islands","CPS - Retail Price Index","National consumer price index (CPI), annual rate of change (%) - discontinued","COICOP2018: 1. Food and non-alcoholic beverages","2013",2.609,,"Geographical coverage: Main city or metropolitan area"
"Sierra Leone","CPS - Consumer Price Survey","National consumer price index (CPI), annual rate of change (%) - discontinued","COICOP2018: General - Individual consumption expenditure of households","2014",7.188,,
"Sierra Leone","CPS - Consumer Price Survey","National consumer price index (CPI), annual rate of change (%) - discontinued","COICOP2018: 1. Food and non-alcoholic beverages","2014",7.089,,
"El Salvador","CPS - Consumer Price Index","National consumer price index (CPI), annual rate of change (%) - discontinued","COICOP2018: General - Individual consumption expenditure of households","2014",1.141,,"Geographical coverage: Urban areas only"
"El Salvador","CPS - Consumer Price Index","National consumer price index (CPI), annual rate of change (%) - discontinued","COICOP2018: 1. Food and non-alcoholic beverages","2014",3.19,,"Geographical coverage: Urban areas only"
"San Marino","CPS - Consumer Price Index","National consumer price index (CPI), annual rate of change (%) - discontinued","COICOP2018: General - Individual consumption expenditure of households","2014",1.113,,
"San Marino","CPS - Consumer Price Index","National consumer price index (CPI), annual rate of change (%) - discontinued","COICOP2018: 1. Food and non-alcoholic beverages","2014",2.854,,
"Somalia","CPS - Consumer Price Survey","National consumer price index (CPI), annual rate of change (%) - discontinued","COICOP2018: General - Individual consumption expenditure of households","1987",28.078,,"Geographical coverage: Main city or metropolitan area"
"Somalia","CPS - Consumer Price Survey","National consumer price index (CPI), annual rate of change (%) - discontinued","COICOP2018: 1. Food and non-alcoholic beverages","1987",30.546,,"Geographical coverage: Main city or metropolitan area"
"Saint Pierre and Miquelon","CPS - Consumer Price Survey","National consumer price index (CPI), annual rate of change (%) - discontinued","COICOP2018: General - Individual consumption expenditure of households","2005",6.564,,
"Saint Pierre and Miquelon","CPS - Consumer Price Survey","National consumer price index (CPI), annual rate of change (%) - discontinued","COICOP2018: 1. Food and non-alcoholic beverages","2005",4.615,,
"Serbia","CPS - Consumer Price Survey","National consumer price index (CPI), annual rate of change (%) - discontinued","COICOP2018: General - Individual consumption expenditure of households","2011",11.137,,
"Serbia","CPS - Consumer Price Survey","National consumer price index (CPI), annual rate of change (%) - discontinued","COICOP2018: 1. Food and non-alcoholic beverages","2011",14.707,,
"Sao Tome and Principe","CPS - Consumer Price Index","National consumer price index (CPI), annual rate of change (%) - discontinued","COICOP2018: General - Individual consumption expenditure of households","2014",6.988,,
"Sao Tome and Principe","CPS - Consumer Price Index","National consumer price index (CPI), annual rate of change (%) - discontinued","COICOP2018: 1. Food and non-alcoholic beverages","2014",7.024,"Nonstandard COICOP classification: Food, beverages and tobacco",
"Suriname","CPS - Consumer Price Survey","National consumer price index (CPI), annual rate of change (%) - discontinued","COICOP2018: General - Individual consumption expenditure of households","2014",3.383,,"Geographical coverage: Main city or metropolitan area"
"Suriname","CPS - Consumer Price Survey","National consumer price index (CPI), annual rate of change (%) - discontinued","COICOP2018: 1. Food and non-alcoholic beverages","2014",4.242,,"Geographical coverage: Main city or metropolitan area"
"Slovakia","CPS - Consumer Price Survey","National consumer price index (CPI), annual rate of change (%) - discontinued","COICOP2018: General - Individual consumption expenditure of households","2014",-0.051,,
"Slovakia","CPS - Consumer Price Survey","National consumer price index (CPI), annual rate of change (%) - discontinued","COICOP2018: 1. Food and non-alcoholic beverages","2014",-0.781,,
"Slovenia","CPS - Consumer Price Survey","National consumer price index (CPI), annual rate of change (%) - discontinued","COICOP2018: General - Individual consumption expenditure of households","2014",0.201,,
"Slovenia","CPS - Consumer Price Survey","National consumer price index (CPI), annual rate of change (%) - discontinued","COICOP2018: 1. Food and non-alcoholic beverages","2014",-0.334,,
"Sweden","CPS - Consumer Price Survey","National consumer price index (CPI), annual rate of change (%) - discontinued","COICOP2018: General - Individual consumption expenditure of households","2014",-0.18,,
"Sweden","CPS - Consumer Price Survey","National consumer price index (CPI), annual rate of change (%) - discontinued","COICOP2018: 1. Food and non-alcoholic beverages","2014",0.371,,
"Eswatini","CPS - Retail Price Index 'B'","National consumer price index (CPI), annual rate of change (%) - discontinued","COICOP2018: General - Individual consumption expenditure of households","2014",5.681,,
"Seychelles","CPS - Retail Price Index","National consumer price index (CPI), annual rate of change (%) - discontinued","COICOP2018: General - Individual consumption expenditure of households","2014",1.396,,
"Seychelles","CPS - Retail Price Index","National consumer price index (CPI), annual rate of change (%) - discontinued","COICOP2018: 1. Food and non-alcoholic beverages","2014",0.682,,
"Syrian Arab Republic","CPS - Retail Price Index","National consumer price index (CPI), annual rate of change (%) - discontinued","COICOP2018: General - Individual consumption expenditure of households","2013",89.614,,
"Syrian Arab Republic","CPS - Retail Price Index","National consumer price index (CPI), annual rate of change (%) - discontinued","COICOP2018: 1. Food and non-alcoholic beverages","2013",106.879,"Nonstandard COICOP classification: Food",
"Chad","CPS - Consumer Price Index","National consumer price index (CPI), annual rate of change (%) - discontinued","COICOP2018: General - Individual consumption expenditure of households","2013",0.222,,"Geographical coverage: Main city or metropolitan area"
"Chad","CPS - Consumer Price Index","National consumer price index (CPI), annual rate of change (%) - discontinued","COICOP2018: 1. Food and non-alcoholic beverages","2013",-1.829,,"Geographical coverage: Main city or metropolitan area"
"Togo","CPS - Consumer Price Index","National consumer price index (CPI), annual rate of change (%) - discontinued","COICOP2018: General - Individual consumption expenditure of households","2014",0.183,,"Geographical coverage: Main city or metropolitan area"
"Togo","CPS - Consumer Price Index","National consumer price index (CPI), annual rate of change (%) - discontinued","COICOP2018: 1. Food and non-alcoholic beverages","2014",-4.354,,"Geographical coverage: Main city or metropolitan area"
"Thailand","CPS - Consumer Price Survey","National consumer price index (CPI), annual rate of change (%) - discontinued","COICOP2018: General - Individual consumption expenditure of households","2014",1.901,,
"Thailand","CPS - Consumer Price Survey","National consumer price index (CPI), annual rate of change (%) - discontinued","COICOP2018: 1. Food and non-alcoholic beverages","2014",3.93,,
"Tajikistan","CPS - Consumer Price Survey","National consumer price index (CPI), annual rate of change (%) - discontinued","COICOP2018: General - Individual consumption expenditure of households","2001",38.592,,
"Tajikistan","CPS - Consumer Price Survey","National consumer price index (CPI), annual rate of change (%) - discontinued","COICOP2018: 1. Food and non-alcoholic beverages","2001",41.55,,
"Tonga","CPS - Consumer Price Survey","National consumer price index (CPI), annual rate of change (%) - discontinued","COICOP2018: General - Individual consumption expenditure of households","2014",2.513,"Nonstandard COICOP classification: Excluding rents",
"Tonga","CPS - Consumer Price Survey","National consumer price index (CPI), annual rate of change (%) - discontinued","COICOP2018: 1. Food and non-alcoholic beverages","2014",3.65,,
"Trinidad and Tobago","CPS - Index of Retail Prices","National consumer price index (CPI), annual rate of change (%) - discontinued","COICOP2018: General - Individual consumption expenditure of households","2014",5.684,,
"Trinidad and Tobago","CPS - Index of Retail Prices","National consumer price index (CPI), annual rate of change (%) - discontinued","COICOP2018: 1. Food and non-alcoholic beverages","2014",10.03,,
"Tunisia","CPS - Consumer Price Index","National consumer price index (CPI), annual rate of change (%) - discontinued","COICOP2018: General - Individual consumption expenditure of households","2014",5.476,,
"Tunisia","CPS - Consumer Price Index","National consumer price index (CPI), annual rate of change (%) - discontinued","COICOP2018: 1. Food and non-alcoholic beverages","2014",6.603,"Nonstandard COICOP classification: Food and beverages",
"Türkiye","CPS - Consumer Price Survey","National consumer price index (CPI), annual rate of change (%) - discontinued","COICOP2018: General - Individual consumption expenditure of households","2014",8.855,,
"Türkiye","CPS - Consumer Price Survey","National consumer price index (CPI), annual rate of change (%) - discontinued","COICOP2018: 1. Food and non-alcoholic beverages","2014",12.606,,
"Tuvalu","CPS - Consumer Price Survey","National consumer price index (CPI), annual rate of change (%) - discontinued","COICOP2018: General - Individual consumption expenditure of households","2006",1.727,,"Geographical coverage: Main city or metropolitan area"
"Tuvalu","CPS - Consumer Price Survey","National consumer price index (CPI), annual rate of change (%) - discontinued","COICOP2018: 1. Food and non-alcoholic beverages","2006",1.42,,"Geographical coverage: Main city or metropolitan area"
"Taiwan, China","CPS - Consumer Price Survey","National consumer price index (CPI), annual rate of change (%) - discontinued","COICOP2018: General - Individual consumption expenditure of households","2014",1.2,,
"Taiwan, China","CPS - Consumer Price Survey","National consumer price index (CPI), annual rate of change (%) - discontinued","COICOP2018: 1. Food and non-alcoholic beverages","2014",3.743,,
"Tanzania, United Republic of","CPS - Consumer Price Survey","National consumer price index (CPI), annual rate of change (%) - discontinued","COICOP2018: General - Individual consumption expenditure of households","1984",36.15,,
"Tanzania, United Republic of","CPS - Consumer Price Survey","National consumer price index (CPI), annual rate of change (%) - discontinued","COICOP2018: 1. Food and non-alcoholic beverages","1984",37.763,,
"Uganda","CPS - Consumer Price Survey","National consumer price index (CPI), annual rate of change (%) - discontinued","COICOP2018: General - Individual consumption expenditure of households","2014",4.288,,
"Uganda","CPS - Consumer Price Survey","National consumer price index (CPI), annual rate of change (%) - discontinued","COICOP2018: 1. Food and non-alcoholic beverages","2014",4.578,,
"Ukraine","CPS - Consumer Price Survey","National consumer price index (CPI), annual rate of change (%) - discontinued","COICOP2018: General - Individual consumption expenditure of households","2013",-0.263,,
"Ukraine","CPS - Consumer Price Survey","National consumer price index (CPI), annual rate of change (%) - discontinued","COICOP2018: 1. Food and non-alcoholic beverages","2013",-2.154,,
"Uruguay","CPS - Consumer Price Index","National consumer price index (CPI), annual rate of change (%) - discontinued","COICOP2018: General - Individual consumption expenditure of households","2014",9.033,,"Geographical coverage: Main city or metropolitan area"
"Uruguay","CPS - Consumer Price Index","National consumer price index (CPI), annual rate of change (%) - discontinued","COICOP2018: 1. Food and non-alcoholic beverages","2014",10.134,,"Geographical coverage: Main city or metropolitan area"
"United States of America","CPS - Consumer Price Survey","National consumer price index (CPI), annual rate of change (%) - discontinued","COICOP2018: General - Individual consumption expenditure of households","2014",1.622,,"Geographical coverage: Urban areas only"
"United States of America","CPS - Consumer Price Survey","National consumer price index (CPI), annual rate of change (%) - discontinued","COICOP2018: 1. Food and non-alcoholic beverages","2014",2.4,,"Geographical coverage: Urban areas only"
"Saint Vincent and the Grenadines","CPS - Index of Retail Prices","National consumer price index (CPI), annual rate of change (%) - discontinued","COICOP2018: General - Individual consumption expenditure of households","2014",0.194,,"Geographical coverage: Main city or metropolitan area"
"Saint Vincent and the Grenadines","CPS - Index of Retail Prices","National consumer price index (CPI), annual rate of change (%) - discontinued","COICOP2018: 1. Food and non-alcoholic beverages","2014",1.628,,"Geographical coverage: Main city or metropolitan area"
"Venezuela (Bolivarian Republic of)","CPS - Consumer Price Survey","National consumer price index (CPI), annual rate of change (%) - discontinued","COICOP2018: General - Individual consumption expenditure of households","2014",62.169,,
"Venezuela (Bolivarian Republic of)","CPS - Consumer Price Survey","National consumer price index (CPI), annual rate of change (%) - discontinued","COICOP2018: 1. Food and non-alcoholic beverages","2014",86.733,,
"British Virgin Islands","CPS - Consumer Price Survey","National consumer price index (CPI), annual rate of change (%) - discontinued","COICOP2018: General - Individual consumption expenditure of households","2005",1.946,,
"British Virgin Islands","CPS - Consumer Price Survey","National consumer price index (CPI), annual rate of change (%) - discontinued","COICOP2018: 1. Food and non-alcoholic beverages","2005",3.421,,
"Viet Nam","CPS - Consumer Price Survey","National consumer price index (CPI), annual rate of change (%) - discontinued","COICOP2018: General - Individual consumption expenditure of households","2014",4.086,,
"Viet Nam","CPS - Consumer Price Survey","National consumer price index (CPI), annual rate of change (%) - discontinued","COICOP2018: 1. Food and non-alcoholic beverages","2014",5.12,,
"Vanuatu","CPS - Consumer Price Survey, Low-Income Group Families","National consumer price index (CPI), annual rate of change (%) - discontinued","COICOP2018: General - Individual consumption expenditure of households","2014",0.799,,
"Vanuatu","CPS - Consumer Price Survey, Low-Income Group Families","National consumer price index (CPI), annual rate of change (%) - discontinued","COICOP2018: 1. Food and non-alcoholic beverages","2014",1.677,,
"Samoa","CPS - Consumer Price Survey","National consumer price index (CPI), annual rate of change (%) - discontinued","COICOP2018: General - Individual consumption expenditure of households","2014",-0.4,"Nonstandard COICOP classification: Excluding rents",
"Samoa","CPS - Consumer Price Survey","National consumer price index (CPI), annual rate of change (%) - discontinued","COICOP2018: 1. Food and non-alcoholic beverages","2014",-3.4,,
"Yemen","CPS - Consumer Price Index","National consumer price index (CPI), annual rate of change (%) - discontinued","COICOP2018: General - Individual consumption expenditure of households","2013",10.972,,
"Yemen","CPS - Consumer Price Index","National consumer price index (CPI), annual rate of change (%) - discontinued","COICOP2018: 1. Food and non-alcoholic beverages","2013",11.229,,
"South Africa","CPS - Consumer Price Survey","National consumer price index (CPI), annual rate of change (%) - discontinued","COICOP2018: General - Individual consumption expenditure of households","2014",6.067,,
"South Africa","CPS - Consumer Price Survey","National consumer price index (CPI), annual rate of change (%) - discontinued","COICOP2018: 1. Food and non-alcoholic beverages","2014",7.632,,
"Zambia","CPS - Consumer Price Survey","National consumer price index (CPI), annual rate of change (%) - discontinued","COICOP2018: General - Individual consumption expenditure of households","2014",7.807,,
"Zambia","CPS - Consumer Price Survey","National consumer price index (CPI), annual rate of change (%) - discontinued","COICOP2018: 1. Food and non-alcoholic beverages","2014",7.241,,
"Zimbabwe","CPS - Consumer Price Survey","National consumer price index (CPI), annual rate of change (%) - discontinued","COICOP2018: General - Individual consumption expenditure of households","2014",-0.222,,
"Zimbabwe","CPS - Consumer Price Survey","National consumer price index (CPI), annual rate of change (%) - discontinued","COICOP2018: 1. Food and non-alcoholic beverages","2014",-3.116,,
