"ref_area.label","source.label","indicator.label","time","obs_value","note_indicator.label","note_source.label"
"Afghanistan","ADM - Labour legislation","Statutory nominal gross monthly minimum wage (local currency)","2024",5500,"Type of minimum wage: Sectoral (private sector) | Currency: AFG - Afghani (AFN)",
"Angola","ADM - Labour legislation","Statutory nominal gross monthly minimum wage (local currency)","2024",70000,"Type of minimum wage: National floor | Currency: AGO - Kwanza (AOA)",
"Albania","ADM - Labour legislation","Statutory nominal gross monthly minimum wage (local currency)","2025",40000,"Type of minimum wage: Singular national minimum wage | Currency: ALB - Lek (ALL)","Repository: Eurostat | Data reference period: July"
"Andorra","OE - Department of Statistics Estimations","Statutory nominal gross monthly minimum wage (local currency)","2024",1376.27,"Type of minimum wage: Singular national minimum wage | Currency: AND - Euro (EUR)",
"Argentina","ADM - Administrative records and related sources","Statutory nominal gross monthly minimum wage (local currency)","2024",271571,"Type of minimum wage: Singular national minimum wage | Currency: ARG - Argentine peso (ARS)",
"Armenia","ADM - Labour legislation","Statutory nominal gross monthly minimum wage (local currency)","2024",75000,"Type of minimum wage: Singular national minimum wage | Currency: ARM - Dram (AMD)",
"Antigua and Barbuda","ADM - Legislation du Travail","Statutory nominal gross monthly minimum wage (local currency)","2024",1558.8,"Type of minimum wage: Singular national minimum wage | Currency: ATG - East Caribbean dollar (XCD) | ILO calculation: Hourly figure multiplied by 40 hours and 4.33 weeks",
"Australia","ADM - Labour legislation","Statutory nominal gross monthly minimum wage (local currency)","2024",4023.436,"Type of minimum wage: National floor | Currency: AUS - Australian dollar (AUD) | ILO calculation: Weekly figure multiplied by 4.33 weeks",
"Azerbaijan","ADM - Labour legislation","Statutory nominal gross monthly minimum wage (local currency)","2024",345,"Type of minimum wage: Singular national minimum wage | Currency: AZE - Azerbaijani manat (AZN)",
"Burundi","ADM - Labour legislation","Statutory nominal gross monthly minimum wage (local currency)","2024",4156.8,"Type of minimum wage: Regional (urban areas) | Currency: BDI - Burundian franc (BIF) | ILO calculation: Daily figure multiplied by 6 days and 4.33 weeks",
"Belgium","ADM - Labour legislation","Statutory nominal gross monthly minimum wage (local currency)","2025",2112,"Type of minimum wage: Singular national minimum wage | Currency: BEL - Euro (EUR)","Repository: Eurostat | Data reference period: July | Institutional sector coverage: Private sector only"
"Benin","ADM - Labour legislation","Statutory nominal gross monthly minimum wage (local currency)","2024",52000,"Type of minimum wage: Singular national minimum wage | Currency: BEN - West African CFA franc (XOF)",
"Burkina Faso","ADM - Administrative records and related sources","Statutory nominal gross monthly minimum wage (local currency)","2024",45000,"Type of minimum wage: Rate of the SMIG when SMIG/SMAG system | Currency: BFA - West African CFA franc (XOF)","Economic activity coverage: Excluding agriculture"
"Bangladesh","ADM - Labour legislation","Statutory nominal gross monthly minimum wage (local currency)","2024",12500,"Type of minimum wage: Singular national minimum wage | Currency: BGD - Taka (BDT)",
"Bulgaria","ADM - Labour legislation","Statutory nominal gross monthly minimum wage (local currency)","2025",551,"Type of minimum wage: Singular national minimum wage | Currency: BGR - Lev (BGN)","Repository: Eurostat | Data reference period: July"
"Bahrain","ADM - Labour legislation","Statutory nominal gross monthly minimum wage (local currency)","2024",300,"Currency: BHR - Bahraini dinar (BHD)","Repository: Annual estimates for 2025 are 11-month averages that exclude October. Data for October 2025 were not collected due to the federal government shutdown | Institutional sector coverage: Public sector only"
"Bahamas","ADM - Labour legislation","Statutory nominal gross monthly minimum wage (local currency)","2024",1125.8,"Type of minimum wage: Singular national minimum wage | Currency: BHS - Bahamian dollar (BSD) | ILO calculation: Weekly figure multiplied by 4.33 weeks",
"Bosnia and Herzegovina","ADM - Legislation du Travail","Statutory nominal gross monthly minimum wage (local currency)","2024",626,"Type of minimum wage: Singular national minimum wage | Currency: BIH - Marka (BAM)",
"Belarus","ADM - Labour legislation","Statutory nominal gross monthly minimum wage (local currency)","2024",626,"Type of minimum wage: Singular national minimum wage | Currency: BLR - Belarusian ruble (BYN)",
"Belize","ADM - Labour legislation","Statutory nominal gross monthly minimum wage (local currency)","2024",1039.2,"Type of minimum wage: Singular national minimum wage | Currency: BLZ - Belize dollar (BZD) | ILO calculation: Hourly figure multiplied by 48 hours and 4.33 weeks",
"Bolivia (Plurinational State of)","ADM - Labour Relations Records","Statutory nominal gross monthly minimum wage (local currency)","2024",2500,"Type of minimum wage: Singular national minimum wage | Currency: BOL - Bolivian (BOB)",
"Brazil","ADM - Labour legislation","Statutory nominal gross monthly minimum wage (local currency)","2024",1412,"Type of minimum wage: National floor | Currency: BRA - Real (BRL)",
"Barbados","ADM - Legislation du Travail","Statutory nominal gross monthly minimum wage (local currency)","2024",1473.33,"Type of minimum wage: Singular national minimum wage | Currency: BRB - Barbadian dollar (BBD) | ILO calculation: Weekly figure multiplied by 4.33 weeks",
"Bhutan","ADM - Labour legislation","Statutory nominal gross monthly minimum wage (local currency)","2024",3750,"Type of minimum wage: Occupational | Currency: BTN - Ngultrum (BTN)","Data reference period: November | Reference group coverage: Employees"
"Botswana","ADM - Labour legislation","Statutory nominal gross monthly minimum wage (local currency)","2024",1883.03,"Type of minimum wage: Sectoral | Currency: BWA - Pula (BWP) | ILO calculation: Hourly figure multiplied by 48 hours and 4.33 weeks",
"Central African Republic","ADM - Legislation du Travail","Statutory nominal gross monthly minimum wage (local currency)","2024",35000,"Type of minimum wage: Rate of the SMIG when SMIG/SMAG system | Currency: CAF - Central African CFA franc (XAF)",
"Canada","ADM - Labour legislation","Statutory nominal gross monthly minimum wage (local currency)","2024",2884,"Type of minimum wage: Regional | Central tendency measure: Median | Currency: CAN - Canadian Dollar (CAD) | ILO calculation: Hourly figure multiplied by 40 hours and 4.33 weeks",
"Switzerland","ADM - Labour legislation","Statutory nominal gross monthly minimum wage (local currency)","2024",4212.224,"Type of minimum wage: Regional | Currency: CHE - Swiss franc (CHF) | ILO calculation: Hourly figure multiplied by 40 hours and 4.33 weeks","Geographical coverage: Main city or metropolitan area"
"Chile","ILO - SIALC Estimates","Statutory nominal gross monthly minimum wage (local currency)","2024",500000,"Type of minimum wage: For adults | Currency: CHL - Chilean peso (CLP)",
"China","ADM - Labour legislation","Statutory nominal gross monthly minimum wage (local currency)","2024",1930,"Type of minimum wage: Regional | Central tendency measure: Median | Currency: CHN - Yuan (CNY)",
"Côte d'Ivoire","ADM - Labour legislation","Statutory nominal gross monthly minimum wage (local currency)","2024",75000,"Type of minimum wage: Rate of the SMIG when SMIG/SMAG system | Currency: CIV - West African CFA franc (XOF)",
"Cameroon","ADM - Labour legislation","Statutory nominal gross monthly minimum wage (local currency)","2024",43969,"Type of minimum wage: Singular national minimum wage | Currency: CMR - Central African CFA franc (XAF)",
"Congo, Democratic Republic of the","ADM - Labour legislation","Statutory nominal gross monthly minimum wage (local currency)","2024",183950,"Type of minimum wage: Singular national minimum wage | Currency: COD - Congolese franc (CDF) | ILO calculation: Daily figure multiplied by 6 days and 4.33 weeks",
"Congo","ADM - Legislation du Travail","Statutory nominal gross monthly minimum wage (local currency)","2024",120000,"Type of minimum wage: Singular national minimum wage | Currency: COG - Central African CFA franc (XAF)",
"Cook Islands","ADM - Legislation du Travail","Statutory nominal gross monthly minimum wage (local currency)","2024",1974,"Type of minimum wage: Singular national minimum wage | Currency: COK - New Zealand dollar (NZD) | ILO calculation: Hourly figure multiplied by 48 hours and 4.33 weeks",
"Colombia","ADM - Labour Relations Records","Statutory nominal gross monthly minimum wage (local currency)","2024",1300000,"Type of minimum wage: Singular national minimum wage | Currency: COL - Colombian peso (COP)",
"Comoros","ADM - Labour legislation","Statutory nominal gross monthly minimum wage (local currency)","2024",55000,"Type of minimum wage: Singular national minimum wage | Currency: COM - Comorian franc (KMF)",
"Cabo Verde","ADM - Legislation du Travail","Statutory nominal gross monthly minimum wage (local currency)","2024",15000,"Type of minimum wage: Singular national minimum wage | Currency: CPV - Escudo (CVE)",
"Costa Rica","ADM - Minimum wage decrees","Statutory nominal gross monthly minimum wage (local currency)","2024",358609,"Type of minimum wage: Occupational (unskilled workers) | Currency: CRI - Colon (CRC)",
"Cuba","ADM - Labour legislation","Statutory nominal gross monthly minimum wage (local currency)","2024",2100,"Type of minimum wage: Singular national minimum wage | Central tendency measure: Lowest occupational minimum wage | Working time arrangement coverage: Full-time equivalents | Currency: CUB - Cuban peso (CUP)",
"Cyprus","ADM - Labour legislation","Statutory nominal gross monthly minimum wage (local currency)","2025",1000,"Currency: CYP - Euro (EUR)","Repository: Eurostat | Data reference period: July"
"Czechia","ADM - Labour legislation","Statutory nominal gross monthly minimum wage (local currency)","2025",20800,"Type of minimum wage: Singular national minimum wage | Currency: CZE - Koruna (CZK)","Repository: Eurostat | Data reference period: July"
"Germany","ADM - Minimum Wage Act","Statutory nominal gross monthly minimum wage (local currency)","2025",2161,"Type of minimum wage: Singular national minimum wage | Currency: DEU - Euro (EUR)","Repository: Eurostat | Data reference period: July"
"Dominica","ADM - Legislation du Travail","Statutory nominal gross monthly minimum wage (local currency)","2024",1560,"Type of minimum wage: Singular national minimum wage | Currency: DMA - East Caribbean dollar (XCD) | ILO calculation: Hourly figure multiplied by 48 hours and 4.33 weeks",
"Dominican Republic","ADM-LIR - Administrative Records of the Ministry of Labour","Statutory nominal gross monthly minimum wage (local currency)","2024",19450,"Type of minimum wage: Average of minimum wages based on establishment size | Central tendency measure: Mean | Currency: DOM - Dominican peso (DOP)","Data reference period: End of the year | Institutional sector coverage: Private sector only"
"Algeria","ADM - Labour legislation","Statutory nominal gross monthly minimum wage (local currency)","2024",20000,"Type of minimum wage: Singular national minimum wage | Currency: DZA - Algerian dinar (DZD)",
"Ecuador","ADM - Administrative records of the Ministry of Labour","Statutory nominal gross monthly minimum wage (local currency)","2024",470,"Type of minimum wage: Singular national minimum wage | Time unit: Per year | Currency: ECU - United States dollar (USD)","Institutional sector coverage: Private sector only | Economic activity coverage: Excluding public administration"
"Egypt","ADM - Labour legislation","Statutory nominal gross monthly minimum wage (local currency)","2024",6000,"Type of minimum wage: Singular national minimum wage | Currency: EGY - Egyptian pound (EGP)",
"Spain","Other - Other Official Sources","Statutory nominal gross monthly minimum wage (local currency)","2025",1381,"Type of minimum wage: Singular national minimum wage | Currency: ESP - Euro (EUR)","Repository: Eurostat | Data reference period: July"
"Estonia","ADM - Labour legislation","Statutory nominal gross monthly minimum wage (local currency)","2025",886,"Type of minimum wage: Singular national minimum wage | Currency: EST - Euro (EUR)","Repository: Eurostat | Data reference period: July"
"Ethiopia","ADM - Labour legislation","Statutory nominal gross monthly minimum wage (local currency)","2011",420,"Currency: ETH - Birr (ETB)","Repository: Annual estimates for 2025 are 11-month averages that exclude October. Data for October 2025 were not collected due to the federal government shutdown | Institutional sector coverage: Public sector only"
"Fiji","ADM - Labour legislation","Statutory nominal gross monthly minimum wage (local currency)","2024",935.28,"Type of minimum wage: National floor | Currency: FJI - Fijian dollar (FJD) | ILO calculation: Hourly figure multiplied by 48 hours and 4.33 weeks",
"France","ADM - Labour legislation","Statutory nominal gross monthly minimum wage (local currency)","2025",1802,"Type of minimum wage: Singular national minimum wage | Currency: FRA - Euro (EUR)","Repository: Eurostat | Data reference period: July"
"Gabon","ADM - Labour legislation","Statutory nominal gross monthly minimum wage (local currency)","2024",150000,"Type of minimum wage: Singular national minimum wage | Currency: GAB - Central African CFA franc (XAF)",
"United Kingdom of Great Britain and Northern Ireland","ADM - Labour legislation","Statutory nominal gross monthly minimum wage (local currency)","2024",1981.4,"Type of minimum wage: National floor | Currency: GBR - British pound (GBP) | ILO calculation: Hourly figure multiplied by 40 hours and 4.33 weeks",
"Georgia","ADM - Labour legislation","Statutory nominal gross monthly minimum wage (local currency)","2024",20,"Currency: GEO - Lari (GEL)","Institutional sector coverage: Private sector only"
"Ghana","ADM - Labour legislation","Statutory nominal gross monthly minimum wage (local currency)","2024",471.53,"Type of minimum wage: Singular national minimum wage | Currency: GHA - Cedi (GHS) | ILO calculation: Daily figure multiplied by 6 days and 4.33 weeks",
"Guinea","ADM - Legislation du Travail","Statutory nominal gross monthly minimum wage (local currency)","2024",550000,"Type of minimum wage: Singular national minimum wage | Currency: GIN - Guinean franc (GNF)",
"Gambia","ADM - Labour legislation","Statutory nominal gross monthly minimum wage (local currency)","2024",1300,"Type of minimum wage: Singular national minimum wage | Currency: GMB - Dalasi (GMD) | ILO calculation: Daily figure multiplied by 6 days and 4.33 weeks",
"Guinea-Bissau","ADM - Labour legislation","Statutory nominal gross monthly minimum wage (local currency)","2024",19030,"Type of minimum wage: Singular national minimum wage | Currency: GNB - West African CFA franc (XOF)",
"Equatorial Guinea","ADM - Labour legislation","Statutory nominal gross monthly minimum wage (local currency)","2023",117304,"Type of minimum wage: Singular national minimum wage | Currency: GNQ - Central African CFA franc (XAF)",
"Greece","ADM - Labour legislation","Statutory nominal gross monthly minimum wage (local currency)","2025",1027,"Type of minimum wage: Singular national minimum wage | Currency: GRC - Euro (EUR)","Repository: Eurostat | Data reference period: July | Institutional sector coverage: Private sector only"
"Grenada","ADM - Legislation du Travail","Statutory nominal gross monthly minimum wage (local currency)","2024",1200,"Type of minimum wage: Sectoral (manufacturing) | Currency: GRD - East Caribbean dollar (XCD) | ILO calculation: Daily figure multiplied by 6 days and 4.33 weeks",
"Guatemala","OE - Official Estimates","Statutory nominal gross monthly minimum wage (local currency)","2024",3343.01,"Type of minimum wage: Sectoral (manufacturing) | Currency: GTM - Quetzal (GTQ)",
"Guyana","ADM - Labour legislation","Statutory nominal gross monthly minimum wage (local currency)","2024",60147,"Type of minimum wage: Singular national minimum wage | Currency: GUY - Guyanese dollar (GYD)",
"Hong Kong, China","ADM - Labour legislation","Statutory nominal gross monthly minimum wage (local currency)","2024",40,"Type of minimum wage: Sectoral | Time unit: Per hour | Currency: HKG - Hong Kong dollar (HKD)","Data reference period: End of the year | Geographical coverage: Government controlled areas | Reference group coverage: Employees"
"Honduras","ILO - SIALC Estimates","Statutory nominal gross monthly minimum wage (local currency)","2024",11507.77,"Type of minimum wage: Sectoral (manufacturing) | Currency: HND - Lempira (HNL)",
"Croatia","ADM - Labour legislation","Statutory nominal gross monthly minimum wage (local currency)","2025",970,"Type of minimum wage: Singular national minimum wage | Currency: HRV - Euro (EUR)","Repository: Eurostat | Data reference period: July"
"Haiti","ADM - Labour legislation","Statutory nominal gross monthly minimum wage (local currency)","2024",17810,"Type of minimum wage: Sectoral | Currency: HTI - Gourde (HTG) | ILO calculation: Daily figure multiplied by 6 days and 4.33 weeks",
"Hungary","ADM - Labour legislation","Statutory nominal gross monthly minimum wage (local currency)","2025",290800,"Type of minimum wage: Singular national minimum wage | Currency: HUN - Forint (HUF)","Repository: Eurostat | Data reference period: July"
"Indonesia","ADM - Labour legislation","Statutory nominal gross monthly minimum wage (local currency)","2024",5067381,"Type of minimum wage: Regional | Central tendency measure: Median | Currency: IDN - Indonesian rupiah (IDR)",
"India","ADM - Labour legislation","Statutory nominal gross monthly minimum wage (local currency)","2024",4628,"Type of minimum wage: National floor | Currency: IND - Indian rupee (INR) | ILO calculation: Daily figure multiplied by 6 days and 4.33 weeks",
"Ireland","ADM - Labour legislation","Statutory nominal gross monthly minimum wage (local currency)","2025",2282,"Type of minimum wage: Singular national minimum wage | Currency: IRL - Euro (EUR)","Repository: Eurostat | Data reference period: July"
"Iran (Islamic Republic of)","Other - Annual Review","Statutory nominal gross monthly minimum wage (local currency)","2024",53073300,"Type of minimum wage: Singular national minimum wage | Currency: IRN - Iranian rial (IRR)",
"Iraq","OE - Official Estimates","Statutory nominal gross monthly minimum wage (local currency)","2024",350000,"Type of minimum wage: Occupational (unskilled workers) | Currency: IRQ - Iraqi dinar (IQD)",
"Iceland","ADM-CA - Collective agreement between the Confedration of Employers and the Confederation of Labour","Statutory nominal gross monthly minimum wage (local currency)","2024",425985,"Type of minimum wage: Sectoral | Currency: ISL - Icelandic króna (ISK)","Economic activity coverage: Excluding agriculture"
"Israel","ADM - Labour legislation","Statutory nominal gross monthly minimum wage (local currency)","2024",5880.02,"Type of minimum wage: Singular national minimum wage | Currency: ISR - New Shekel (ILS)",
"Jamaica","ADM - Labour legislation","Statutory nominal gross monthly minimum wage (local currency)","2024",64950,"Type of minimum wage: National floor | Currency: JAM - Jamaican dollar (JMD) | ILO calculation: Weekly figure multiplied by 4.33 weeks",
"Jersey","ADM - Records of the Social Security Department","Statutory nominal gross monthly minimum wage (local currency)","2016",6.97,"Type of minimum wage: Singular national minimum wage | Time unit: Per hour | Value type: Real values | Currency: JEY - Jersey pound (JEP)","Data reference period: December"
"Jordan","ADM - Labour legislation","Statutory nominal gross monthly minimum wage (local currency)","2024",260,"Type of minimum wage: National floor | Currency: JOR - Jordanian dinar (JOD)",
"Japan","ADM - Labour legislation","Statutory nominal gross monthly minimum wage (local currency)","2024",182726,"Type of minimum wage: Regional | Currency: JPN - Yen (JPY) | ILO calculation: Hourly figure multiplied by 40 hours and 4.33 weeks",
"Kazakhstan","ADM - Labour legislation","Statutory nominal gross monthly minimum wage (local currency)","2024",85000,"Type of minimum wage: Singular national minimum wage | Currency: KAZ - Tenge (KZT)",
"Kenya","ADM - Labour legislation","Statutory nominal gross monthly minimum wage (local currency)","2024",16033.14,"Type of minimum wage: Occupational | Currency: KEN - Kenyan shilling (KES)","Geographical coverage: Mavoko & Riuru & Limuru"
"Kyrgyzstan","ADM - Labour legislation","Statutory nominal gross monthly minimum wage (local currency)","2024",2534,"Type of minimum wage: Singular national minimum wage | Currency: KGZ - Kyrgyzstani som (KGS)",
"Cambodia","ADM - Labour legislation","Statutory nominal gross monthly minimum wage (local currency)","2024",200,"Type of minimum wage: Singular national minimum wage | Currency: KHM - Riel (KHR)",
"Kiribati","ADM - Legislation du Travail","Statutory nominal gross monthly minimum wage (local currency)","2024",270.4,"Currency: KIR - Australian dollar (AUD) | ILO calculation: Hourly figure multiplied by 48 hours and 4.33 weeks",
"Saint Kitts and Nevis","ADM - Legislation du Travail","Statutory nominal gross monthly minimum wage (local currency)","2024",1560,"Type of minimum wage: Singular national minimum wage | Currency: KNA - East Caribbean dollar (XCD) | ILO calculation: Weekly figure multiplied by 4.33 weeks",
"Republic of Korea","ADM - Labour legislation","Statutory nominal gross monthly minimum wage (local currency)","2024",2060740,"Type of minimum wage: Singular national minimum wage | Currency: KOR - South Korean won (KRW)",
"Kuwait","ADM - Labour legislation","Statutory nominal gross monthly minimum wage (local currency)","2024",75,"Type of minimum wage: Sectoral (private and oil sectors) | Currency: KWT - Kuwaiti dinar (KWD)",
"Lao People's Democratic Republic","ADM - Labour legislation","Statutory nominal gross monthly minimum wage (local currency)","2024",1600000,"Type of minimum wage: Singular national minimum wage | Currency: LAO - Kip (LAK)",
"Lebanon","ADM - Labour legislation","Statutory nominal gross monthly minimum wage (local currency)","2024",18000000,"Type of minimum wage: Singular national minimum wage | Currency: LBN - Lebanese pound (LBP)",
"Liberia","ADM - Legislation du Travail","Statutory nominal gross monthly minimum wage (local currency)","2024",91,"Type of minimum wage: Occupational (unskilled workers) | Currency: LBR - United States dollar (USD) | ILO calculation: Daily figure multiplied by 6 days and 4.33 weeks",
"Libya","ADM - Labour legislation","Statutory nominal gross monthly minimum wage (local currency)","2024",1000,"Type of minimum wage: Singular national minimum wage | Currency: LBY - Libyan dinar (LYD)",
"Sri Lanka","ADM - Labour legislation","Statutory nominal gross monthly minimum wage (local currency)","2024",17500,"Type of minimum wage: Singular national minimum wage | Currency: LKA - Sri Lankan rupee (LKR)",
"Lesotho","ADM - Labour legislation","Statutory nominal gross monthly minimum wage (local currency)","2024",1881,"Type of minimum wage: National floor | Currency: LSO - Loti (LSL)",
"Lithuania","ADM - Labour legislation","Statutory nominal gross monthly minimum wage (local currency)","2025",1038,"Type of minimum wage: Singular national minimum wage | Currency: LTU - Euro (EUR)","Repository: Eurostat | Data reference period: July"
"Luxembourg","ADM - Labour legislation","Statutory nominal gross monthly minimum wage (local currency)","2025",2704,"Type of minimum wage: Singular national minimum wage | Currency: LUX - Euro (EUR)","Repository: Eurostat | Data reference period: July"
"Latvia","ADM - Labour legislation","Statutory nominal gross monthly minimum wage (local currency)","2025",740,"Type of minimum wage: Singular national minimum wage | Currency: LVA - Euro (EUR)","Repository: Eurostat | Data reference period: July"
"Morocco","ADM - Labour legislation","Statutory nominal gross monthly minimum wage (local currency)","2024",3120,"Type of minimum wage: Rate of the SMIG when SMIG/SMAG system | Currency: MAR - Moroccan dirham (MAD)",
"Monaco","ADM - Social Insurance Funds","Statutory nominal gross monthly minimum wage (local currency)","2024",11.65,"Time unit: Per hour | Central tendency measure: Minimum | Working time arrangement coverage: Full-time equivalents | Currency: MCO - Euro (EUR)","Data reference period: End of the year"
"Republic of Moldova","ADM - Labour legislation","Statutory nominal gross monthly minimum wage (local currency)","2025",5500,"Currency: MDA - Moldovan leu (MDL)","Repository: Eurostat | Data reference period: July"
"Madagascar","ADM - Labour legislation","Statutory nominal gross monthly minimum wage (local currency)","2024",262880,"Type of minimum wage: Rate of the SMIG when SMIG/SMAG system | Currency: MDG - Malagasy ariary (MGA)",
"Maldives","ADM - Labour legislation","Statutory nominal gross monthly minimum wage (local currency)","2022",5700,"Type of minimum wage: Singular national minimum wage | Currency: MDV - Rufiyaa (MVR)",
"Mexico","ILO - SIALC Estimates","Statutory nominal gross monthly minimum wage (local currency)","2024",6467.201,"Type of minimum wage: National floor | Currency: MEX - New Peso (MXN) | ILO calculation: Daily figure multiplied by 6 days and 4.33 weeks",
"Marshall Islands","ADM - Legislation du Travail","Statutory nominal gross monthly minimum wage (local currency)","2024",624,"Type of minimum wage: Singular national minimum wage | Currency: MHL - United States dollar (USD) | ILO calculation: Hourly figure multiplied by 48 hours and 4.33 weeks",
"North Macedonia","ADM - Labour legislation","Statutory nominal gross monthly minimum wage (local currency)","2025",36037,"Type of minimum wage: Singular national minimum wage | Currency: MKD - Denar (MKD)","Repository: Eurostat | Data reference period: July"
"Mali","ADM - Labour legislation","Statutory nominal gross monthly minimum wage (local currency)","2024",40000,"Type of minimum wage: Rate of the SMIG when SMIG/SMAG system | Currency: MLI - West African CFA franc (XOF)",
"Malta","ADM - Labour legislation","Statutory nominal gross monthly minimum wage (local currency)","2025",961,"Type of minimum wage: Singular national minimum wage | Currency: MLT - Euro (EUR)","Repository: Eurostat | Data reference period: July"
"Myanmar","ADM - Legislation du Travail","Statutory nominal gross monthly minimum wage (local currency)","2024",124800,"Type of minimum wage: Singular national minimum wage | Currency: MMR - Kyat (MMK) | ILO calculation: Daily figure multiplied by 6 days and 4.33 weeks",
"Montenegro","ADM - Labour legislation","Statutory nominal gross monthly minimum wage (local currency)","2025",670,"Type of minimum wage: Singular national minimum wage | Currency: MNE - Euro (EUR)","Repository: Eurostat | Data reference period: July"
"Mongolia","ADM - Labour legislation","Statutory nominal gross monthly minimum wage (local currency)","2024",660000,"Type of minimum wage: Singular national minimum wage | Currency: MNG - Tögrög (MNT)",
"Mozambique","ADM - Labour legislation","Statutory nominal gross monthly minimum wage (local currency)","2024",9497.5,"Type of minimum wage: Sectoral (manufacturing) | Currency: MOZ - Metical (MZN)",
"Mauritania","ADM - Labour legislation","Statutory nominal gross monthly minimum wage (local currency)","2022",3000,"Type of minimum wage: Rate of the SMIG when SMIG/SMAG system | Currency: MRT - Ouguiya (MRU)",
"Mauritius","ADM - Labour legislation","Statutory nominal gross monthly minimum wage (local currency)","2024",15000,"Type of minimum wage: Occupational (unskilled workers) | Currency: MUS - Mauritian rupee (MUR)",
"Malawi","ADM - Labour legislation","Statutory nominal gross monthly minimum wage (local currency)","2024",90000,"Type of minimum wage: Singular national minimum wage | Currency: MWI - Malawian kwacha (MWK)",
"Malaysia","ADM - Labour legislation","Statutory nominal gross monthly minimum wage (local currency)","2024",1500,"Currency: MYS - Ringgit (MYR)",
"New Caledonia","ADM - Other Administrative records and related sources","Statutory nominal gross monthly minimum wage (local currency)","2024",166536,"Central tendency measure: Minimum | Job coverage: Main job currently held | Working time arrangement coverage: Full-time equivalents | Currency: NCL - CFP franc (XPF)",
"Niger","ADM - Labour legislation","Statutory nominal gross monthly minimum wage (local currency)","2024",42000,"Type of minimum wage: Singular national minimum wage | Currency: NER - West African CFA franc (XOF)",
"Nigeria","ADM - Labour legislation","Statutory nominal gross monthly minimum wage (local currency)","2024",65000,"Type of minimum wage: Singular national minimum wage | Currency: NGA - Naira (NGN)",
"Nicaragua","ILO - SIALC Estimates","Statutory nominal gross monthly minimum wage (local currency)","2024",7692.75,"Type of minimum wage: Sectoral (manufacturing) | Currency: NIC - Cordoba (NIO)",
"Netherlands","ADM - Labour legislation","Statutory nominal gross monthly minimum wage (local currency)","2025",2246,"Type of minimum wage: Singular national minimum wage | Currency: NLD - Euro (EUR)","Repository: Eurostat | Data reference period: July"
"Nepal","ADM - Labour legislation","Statutory nominal gross monthly minimum wage (local currency)","2024",17300,"Type of minimum wage: National floor | Currency: NPL - Nepalese rupee (NPR)",
"New Zealand","ADM - Labour legislation","Statutory nominal gross monthly minimum wage (local currency)","2024",4009.58,"Type of minimum wage: For adults | Currency: NZL - New Zealand dollar (NZD) | ILO calculation: Hourly figure multiplied by 40 hours and 4.33 weeks",
"Oman","OE - Official Estimates","Statutory nominal gross monthly minimum wage (local currency)","2024",325,"Type of minimum wage: Singular national minimum wage | Currency: OMN - Omani rial (OMR)",
"Pakistan","ADM - Labour legislation","Statutory nominal gross monthly minimum wage (local currency)","2024",37000,"Type of minimum wage: Occupational (unskilled workers) | Currency: PAK - Pakistani rupee (PKR)",
"Panama","ILO - SIALC Estimates","Statutory nominal gross monthly minimum wage (local currency)","2024",482.18,"Type of minimum wage: Sectoral (manufacturing) | Currency: PAN - Balboa (PAB) | ILO calculation: Hourly figure multiplied by 48 hours and 4.33 weeks",
"Peru","ADM - Labour Relations Records","Statutory nominal gross monthly minimum wage (local currency)","2024",1025,"Type of minimum wage: Singular national minimum wage | Currency: PER - Nuevo sol (PEN)",
"Philippines","ADM - Labour legislation","Statutory nominal gross monthly minimum wage (local currency)","2024",8302,"Type of minimum wage: Regional (lowest provincial rate in non-agriculture) | Currency: PHL - Philippine peso (PHP) | ILO calculation: Daily figure multiplied by 6 days and 4.33 weeks",
"Palau","ADM - Legislation du Travail","Statutory nominal gross monthly minimum wage (local currency)","2024",883,"Type of minimum wage: Singular national minimum wage | Currency: PLW - United States dollar (USD) | ILO calculation: Hourly figure multiplied by 40 hours and 4.33 weeks",
"Papua New Guinea","ADM - Labour legislation","Statutory nominal gross monthly minimum wage (local currency)","2024",728,"Type of minimum wage: Singular national minimum wage | Currency: PNG - Kina (PGK) | ILO calculation: Hourly figure multiplied by 48 hours and 4.33 weeks",
"Poland","ADM - Labour legislation","Statutory nominal gross monthly minimum wage (local currency)","2025",4666,"Type of minimum wage: Singular national minimum wage | Currency: POL - Zloty (PLN)","Repository: Eurostat | Data reference period: July"
"Portugal","ADM - Labour legislation","Statutory nominal gross monthly minimum wage (local currency)","2025",1015,"Type of minimum wage: Singular national minimum wage | Currency: PRT - Euro (EUR)","Repository: Eurostat | Data reference period: July"
"Paraguay","ILO - SIALC Estimates","Statutory nominal gross monthly minimum wage (local currency)","2024",2798309,"Type of minimum wage: National floor for adults | Currency: PRY - Guarani (PYG)",
"Palestine (State of)","ADM - Labour legislation","Statutory nominal gross monthly minimum wage (local currency)","2013",1450,"Currency: PSE - New Shekel (ILS)","Repository: Annual estimates for 2025 are 11-month averages that exclude October. Data for October 2025 were not collected due to the federal government shutdown | Institutional sector coverage: Private sector only"
"Qatar","ADM - Legislation du Travail","Statutory nominal gross monthly minimum wage (local currency)","2024",1000,"Type of minimum wage: Singular national minimum wage | Currency: QAT - Qatari riyal (QAR)",
"Romania","ADM - Labour legislation","Statutory nominal gross monthly minimum wage (local currency)","2025",4050,"Type of minimum wage: Singular national minimum wage | Currency: ROU - Romanian leu (RON)","Repository: Eurostat | Data reference period: July"
"Russian Federation","ADM - Labour legislation","Statutory nominal gross monthly minimum wage (local currency)","2024",19242,"Type of minimum wage: National floor | Currency: RUS - Russian ruble (RUB)",
"Rwanda","ADM - Labour legislation","Statutory nominal gross monthly minimum wage (local currency)","2024",2600,"Type of minimum wage: Singular national minimum wage | Currency: RWA - Rwandan franc (RWF) | ILO calculation: Daily figure multiplied by 6 days and 4.33 weeks",
"Saudi Arabia","ADM - Labour legislation","Statutory nominal gross monthly minimum wage (local currency)","2024",4000,"Currency: SAU - Saudi riyal (SAR)","Repository: Annual estimates for 2025 are 11-month averages that exclude October. Data for October 2025 were not collected due to the federal government shutdown | Population coverage: Nationals only"
"Sudan","ADM - Labour legislation","Statutory nominal gross monthly minimum wage (local currency)","2024",425,"Currency: SDN - Sudanese pound (SDG)","Repository: Annual estimates for 2025 are 11-month averages that exclude October. Data for October 2025 were not collected due to the federal government shutdown"
"Senegal","ADM - Labour legislation","Statutory nominal gross monthly minimum wage (local currency)","2024",64175,"Type of minimum wage: Rate of the SMIG when SMIG/SMAG system | Currency: SEN - West African CFA franc (XOF)",
"Solomon Islands","ADM - Labour legislation","Statutory nominal gross monthly minimum wage (local currency)","2024",1664,"Type of minimum wage: Rate of the SMIG when SMIG/SMAG system | Currency: SLB - Solomon Islands dollar (SBD) | ILO calculation: Hourly figure multiplied by 48 hours and 4.33 weeks",
"Sierra Leone","ADM - Labour legislation","Statutory nominal gross monthly minimum wage (local currency)","2024",800,"Type of minimum wage: Singular national minimum wage | Currency: SLE - Leone (SLE)",
"El Salvador","ILO - SIALC Estimates","Statutory nominal gross monthly minimum wage (local currency)","2024",365,"Type of minimum wage: Sectoral (manufacturing) | Currency: SLV - United States dollar (USD)",
"San Marino","OE - Estimates of the Office of economic planning, data processing and statistics","Statutory nominal gross monthly minimum wage (local currency)","2024",1728.38,"Type of minimum wage: Sectoral | Currency: SMR - Euro (EUR)","Data reference period: End of the year"
"Serbia","ADM - Labour legislation","Statutory nominal gross monthly minimum wage (local currency)","2025",72396,"Type of minimum wage: Singular national minimum wage | Currency: SRB - Serbian dinar (RSD)","Repository: Eurostat | Data reference period: July"
"Suriname","ADM - Legislation du Travail","Statutory nominal gross monthly minimum wage (local currency)","2024",4160,"Type of minimum wage: National floor | Currency: SUR - Surinamese dollar (SRD) | ILO calculation: Hourly figure multiplied by 48 hours and 4.33 weeks",
"Slovakia","ADM - Labour legislation","Statutory nominal gross monthly minimum wage (local currency)","2025",816,"Type of minimum wage: Singular national minimum wage | Currency: SVK - Euro (EUR)","Repository: Eurostat | Data reference period: July"
"Slovenia","ADM - Labour legislation","Statutory nominal gross monthly minimum wage (local currency)","2025",1278,"Type of minimum wage: Singular national minimum wage | Currency: SVN - Euro (EUR)","Repository: Eurostat | Data reference period: July"
"Eswatini","ADM - Labour legislation","Statutory nominal gross monthly minimum wage (local currency)","2024",600,"Type of minimum wage: Occupational (unskilled workers) | Currency: SWZ - Lilangeni (SZL)",
"Seychelles","ADM - Legislation du Travail","Statutory nominal gross monthly minimum wage (local currency)","2024",6628.364,"Currency: SYC - Seychellois rupee (SCR) | ILO calculation: Hourly figure multiplied by 40 hours and 4.33 weeks",
"Syrian Arab Republic","ADM - Labour legislation","Statutory nominal gross monthly minimum wage (local currency)","2024",14760,"Type of minimum wage: Singular national minimum wage | Currency: SYR - Syrian pound (SYP)",
"Chad","ADM - Labour legislation","Statutory nominal gross monthly minimum wage (local currency)","2024",60000,"Type of minimum wage: Rate of the SMIG when SMIG/SMAG system | Currency: TCD - Central African CFA franc (XAF)",
"Togo","ADM - Labour legislation","Statutory nominal gross monthly minimum wage (local currency)","2024",52500,"Type of minimum wage: Rate of the SMIG when SMIG/SMAG system | Currency: TGO - West African CFA franc (XOF)",
"Thailand","ADM - Labour legislation","Statutory nominal gross monthly minimum wage (local currency)","2024",8963,"Central tendency measure: Median | Currency: THA - Baht (THB) | ILO calculation: Daily figure multiplied by 6 days and 4.33 weeks",
"Tajikistan","ADM - Labour legislation","Statutory nominal gross monthly minimum wage (local currency)","2024",800,"Type of minimum wage: Singular national minimum wage | Currency: TJK - Somoni (TJS)",
"Turkmenistan","ADM - Legislation du Travail","Statutory nominal gross monthly minimum wage (local currency)","2024",1280,"Type of minimum wage: Singular national minimum wage | Currency: TKM - Turkmen manat (TMT)",
"Timor-Leste","ADM - Labour legislation","Statutory nominal gross monthly minimum wage (local currency)","2024",115,"Type of minimum wage: Singular national minimum wage | Currency: TLS - United States dollar (USD)",
"Trinidad and Tobago","ADM - Labour legislation","Statutory nominal gross monthly minimum wage (local currency)","2024",3550,"Type of minimum wage: Singular national minimum wage | Currency: TTO - Trinidad and Tobago dollar (TTD) | ILO calculation: Hourly figure multiplied by 40 hours and 4.33 weeks",
"Tunisia","ADM - Labour legislation","Statutory nominal gross monthly minimum wage (local currency)","2024",491.504,"Type of minimum wage: Rate of the SMIG when SMIG/SMAG system | Currency: TUN - Tunisian dinar (TND) | ILO calculation: Hourly figure multiplied by 48 hours and 4.33 weeks",
"Türkiye","ADM - Labour legislation","Statutory nominal gross monthly minimum wage (local currency)","2025",26006,"Type of minimum wage: Singular national minimum wage | Currency: TUR - Turkish lira (TRY)","Repository: Eurostat | Data reference period: July"
"Taiwan, China","ADM - Labour legislation","Statutory nominal gross monthly minimum wage (local currency)","2024",27400,"Currency: TWN - New Taiwan dollar (TWD)","Data reference period: January | Reference group coverage: Industrial, agricultural, and institution-based employees"
"Tanzania, United Republic of","ADM - Labour legislation","Statutory nominal gross monthly minimum wage (local currency)","2024",150000,"Type of minimum wage: Sectoral (manufacturing) | Currency: TZA - Tanzanian shilling (TZS)",
"Uganda","ADM - Labour legislation","Statutory nominal gross monthly minimum wage (local currency)","2024",130000,"Type of minimum wage: Singular national minimum wage | Currency: UGA - Ugandan shilling (UGX)",
"Ukraine","ADM - Labour legislation","Statutory nominal gross monthly minimum wage (local currency)","2025",8000,"Currency: UKR - Hryvnia (UAH)","Repository: Eurostat | Data reference period: July"
"Uruguay","ADM - Administrative records and related sources","Statutory nominal gross monthly minimum wage (local currency)","2024",22268,"Type of minimum wage: Singular national minimum wage | Time unit: Per year | Currency: URY - Uruguayan peso (UYU)",
"United States of America","ADM - Labour legislation","Statutory nominal gross monthly minimum wage (local currency)","2025",1257,"Type of minimum wage: Singular national minimum wage | Currency: USA - United States dollar (USD)","Repository: Eurostat | Data reference period: July"
"Uzbekistan","ADM - Labour legislation","Statutory nominal gross monthly minimum wage (local currency)","2024",1050000,"Type of minimum wage: Singular national minimum wage | Currency: UZB - Uzbekistani som (UZS)",
"Saint Vincent and the Grenadines","ADM - Legislation du Travail","Statutory nominal gross monthly minimum wage (local currency)","2024",1310,"Type of minimum wage: Sectoral (manufacturing) | Currency: VCT - East Caribbean dollar (XCD) | ILO calculation: Daily figure multiplied by 6 days and 4.33 weeks",
"Venezuela (Bolivarian Republic of)","OE - Official Estimates","Statutory nominal gross monthly minimum wage (local currency)","2024",130,"Type of minimum wage: Singular national minimum wage | Currency: VEN - Bolívar soberano (VES)",
"Viet Nam","ADM - Labour legislation","Statutory nominal gross monthly minimum wage (local currency)","2024",4960000,"Type of minimum wage: Regional | Central tendency measure: Median | Currency: VNM - Dông (VND)","Geographical coverage: Main cities or metropolitan areas"
"Vanuatu","ADM - Legislation du Travail","Statutory nominal gross monthly minimum wage (local currency)","2024",57165,"Type of minimum wage: Singular national minimum wage | Currency: VUT - Vatu (VUV) | ILO calculation: Hourly figure multiplied by 48 hours and 4.33 weeks",
"Samoa","ADM - Legislation du Travail","Statutory nominal gross monthly minimum wage (local currency)","2024",832,"Type of minimum wage: Rate of the SMIG when SMIG/SMAG system | Currency: WSM - Tala (WST) | ILO calculation: Hourly figure multiplied by 48 hours and 4.33 weeks",
"South Africa","ADM - Labour legislation","Statutory nominal gross monthly minimum wage (local currency)","2024",4776.85,"Type of minimum wage: Occupational | Currency: ZAF - Rand (ZAR) | ILO calculation: Daily figure multiplied by 6 days and 4.33 weeks",
"Zambia","ADM - Labour legislation","Statutory nominal gross monthly minimum wage (local currency)","2024",1300,"Type of minimum wage: Occupational (unskilled workers) | Currency: ZMB - Zambian kwacha (ZMW)",
