"ref_area.label","source.label","indicator.label","sex.label","time","obs_value","obs_status.label","note_indicator.label","note_source.label"
"Afghanistan","LFS - Labour Force Survey","Mean weekly hours actually worked per employee by sex","Total","2021",41.79,,,"Repository: ILO-STATISTICS - Micro data processing | Data reference period: First quarter"
"Afghanistan","LFS - Labour Force Survey","Mean weekly hours actually worked per employee by sex","Male","2021",42.64,,,"Repository: ILO-STATISTICS - Micro data processing | Data reference period: First quarter"
"Afghanistan","LFS - Labour Force Survey","Mean weekly hours actually worked per employee by sex","Female","2021",28.05,,,"Repository: ILO-STATISTICS - Micro data processing | Data reference period: First quarter"
"Angola","LFS - Employment Survey","Mean weekly hours actually worked per employee by sex","Total","2025",49.98,,,"Repository: ILO-STATISTICS - Micro data processing"
"Angola","LFS - Employment Survey","Mean weekly hours actually worked per employee by sex","Male","2025",52.03,,,"Repository: ILO-STATISTICS - Micro data processing"
"Angola","LFS - Employment Survey","Mean weekly hours actually worked per employee by sex","Female","2025",45.73,,,"Repository: ILO-STATISTICS - Micro data processing"
"Albania","LFS - Labour Force Survey","Mean weekly hours actually worked per employee by sex","Total","2024",43.6,,,"Repository: ILO-STATISTICS - Micro data processing"
"Albania","LFS - Labour Force Survey","Mean weekly hours actually worked per employee by sex","Male","2024",44.59,,,"Repository: ILO-STATISTICS - Micro data processing"
"Albania","LFS - Labour Force Survey","Mean weekly hours actually worked per employee by sex","Female","2024",42.45,,,"Repository: ILO-STATISTICS - Micro data processing"
"United Arab Emirates","LFS - Labour Force Survey","Mean weekly hours actually worked per employee by sex","Total","2024",50.91,,,"Repository: ILO-STATISTICS - Micro data processing"
"United Arab Emirates","LFS - Labour Force Survey","Mean weekly hours actually worked per employee by sex","Male","2024",51.29,,,"Repository: ILO-STATISTICS - Micro data processing"
"United Arab Emirates","LFS - Labour Force Survey","Mean weekly hours actually worked per employee by sex","Female","2024",49.25,,,"Repository: ILO-STATISTICS - Micro data processing"
"Argentina","LFS - Permanent Household Survey, Urban","Mean weekly hours actually worked per employee by sex","Total","2024",36.7,,,"Repository: ILO-STATISTICS - Micro data processing | Geographical coverage: Main cities or metropolitan areas"
"Argentina","LFS - Permanent Household Survey, Urban","Mean weekly hours actually worked per employee by sex","Male","2024",40.99,,,"Repository: ILO-STATISTICS - Micro data processing | Geographical coverage: Main cities or metropolitan areas"
"Argentina","LFS - Permanent Household Survey, Urban","Mean weekly hours actually worked per employee by sex","Female","2024",31.52,,,"Repository: ILO-STATISTICS - Micro data processing | Geographical coverage: Main cities or metropolitan areas"
"Armenia","HIES - Households Living Conditions Survey","Mean weekly hours actually worked per employee by sex","Total","2018",45.97,,,"Repository: ILO-STATISTICS - Micro data processing | Age coverage - maximum age: 75 years old"
"Armenia","HIES - Households Living Conditions Survey","Mean weekly hours actually worked per employee by sex","Male","2018",48.44,,,"Repository: ILO-STATISTICS - Micro data processing | Age coverage - maximum age: 75 years old"
"Armenia","HIES - Households Living Conditions Survey","Mean weekly hours actually worked per employee by sex","Female","2018",42.91,,,"Repository: ILO-STATISTICS - Micro data processing | Age coverage - maximum age: 75 years old"
"Antigua and Barbuda","LFS - Labour Force Survey","Mean weekly hours actually worked per employee by sex","Total","2018",40.08,,,"Repository: ILO-STATISTICS - Micro data processing"
"Antigua and Barbuda","LFS - Labour Force Survey","Mean weekly hours actually worked per employee by sex","Male","2018",40.12,,,"Repository: ILO-STATISTICS - Micro data processing"
"Antigua and Barbuda","LFS - Labour Force Survey","Mean weekly hours actually worked per employee by sex","Female","2018",40.03,,,"Repository: ILO-STATISTICS - Micro data processing"
"Austria","LFS - Labour Force Survey","Mean weekly hours actually worked per employee by sex","Total","2025",32.62,,,"Repository: ILO-STATISTICS - Micro data processing"
"Austria","LFS - Labour Force Survey","Mean weekly hours actually worked per employee by sex","Male","2025",35.72,,,"Repository: ILO-STATISTICS - Micro data processing"
"Austria","LFS - Labour Force Survey","Mean weekly hours actually worked per employee by sex","Female","2025",29.22,,,"Repository: ILO-STATISTICS - Micro data processing"
"Burundi","HIES - Living Standards Survey","Mean weekly hours actually worked per employee by sex","Total","2014",47.51,,,"Repository: ILO-STATISTICS - Micro data processing"
"Burundi","HIES - Living Standards Survey","Mean weekly hours actually worked per employee by sex","Male","2014",49.07,,,"Repository: ILO-STATISTICS - Micro data processing"
"Burundi","HIES - Living Standards Survey","Mean weekly hours actually worked per employee by sex","Female","2014",42.63,,,"Repository: ILO-STATISTICS - Micro data processing"
"Belgium","LFS - EU Labour Force Survey","Mean weekly hours actually worked per employee by sex","Total","2024",33.46,,,"Repository: ILO-STATISTICS - Micro data processing"
"Belgium","LFS - EU Labour Force Survey","Mean weekly hours actually worked per employee by sex","Male","2024",35.82,,,"Repository: ILO-STATISTICS - Micro data processing"
"Belgium","LFS - EU Labour Force Survey","Mean weekly hours actually worked per employee by sex","Female","2024",30.91,,,"Repository: ILO-STATISTICS - Micro data processing"
"Benin","HIES - Monitoring Survey of the Modular and Integrated Survey of Household Living Conditions","Mean weekly hours actually worked per employee by sex","Total","2011",42.75,,,"Repository: ILO-STATISTICS - Micro data processing"
"Benin","HIES - Monitoring Survey of the Modular and Integrated Survey of Household Living Conditions","Mean weekly hours actually worked per employee by sex","Male","2011",42.79,,,"Repository: ILO-STATISTICS - Micro data processing"
"Benin","HIES - Monitoring Survey of the Modular and Integrated Survey of Household Living Conditions","Mean weekly hours actually worked per employee by sex","Female","2011",42.62,,,"Repository: ILO-STATISTICS - Micro data processing"
"Burkina Faso","LFS - Labour Force Survey","Mean weekly hours actually worked per employee by sex","Total","2024",51.2,,,"Repository: ILO-STATISTICS - Micro data processing"
"Burkina Faso","LFS - Labour Force Survey","Mean weekly hours actually worked per employee by sex","Male","2024",52.65,,,"Repository: ILO-STATISTICS - Micro data processing"
"Burkina Faso","LFS - Labour Force Survey","Mean weekly hours actually worked per employee by sex","Female","2024",48.24,,,"Repository: ILO-STATISTICS - Micro data processing"
"Bangladesh","LFS - Labour Force Survey","Mean weekly hours actually worked per employee by sex","Total","2024",50.93,,,"Repository: ILO-STATISTICS - Micro data processing"
"Bangladesh","LFS - Labour Force Survey","Mean weekly hours actually worked per employee by sex","Male","2024",51.59,,,"Repository: ILO-STATISTICS - Micro data processing"
"Bangladesh","LFS - Labour Force Survey","Mean weekly hours actually worked per employee by sex","Female","2024",47.47,,,"Repository: ILO-STATISTICS - Micro data processing"
"Bangladesh","LFS - Labour Force Survey","Mean weekly hours actually worked per employee by sex","Other","2024",58.25,"Unreliable",,"Repository: ILO-STATISTICS - Micro data processing"
"Bulgaria","LFS - EU Labour Force Survey","Mean weekly hours actually worked per employee by sex","Total","2024",38.9,,,"Repository: ILO-STATISTICS - Micro data processing"
"Bulgaria","LFS - EU Labour Force Survey","Mean weekly hours actually worked per employee by sex","Male","2024",39.02,,,"Repository: ILO-STATISTICS - Micro data processing"
"Bulgaria","LFS - EU Labour Force Survey","Mean weekly hours actually worked per employee by sex","Female","2024",38.76,,,"Repository: ILO-STATISTICS - Micro data processing"
"Bahamas","LFS - Labour Force & Household Survey","Mean weekly hours actually worked per employee by sex","Total","2019",38.09,,,"Repository: ILO-STATISTICS - Micro data processing"
"Bahamas","LFS - Labour Force & Household Survey","Mean weekly hours actually worked per employee by sex","Male","2019",39.21,,,"Repository: ILO-STATISTICS - Micro data processing"
"Bahamas","LFS - Labour Force & Household Survey","Mean weekly hours actually worked per employee by sex","Female","2019",36.99,,,"Repository: ILO-STATISTICS - Micro data processing"
"Bosnia and Herzegovina","LFS - Labour Force Survey","Mean weekly hours actually worked per employee by sex","Total","2024",41.14,,,"Repository: ILO-STATISTICS - Micro data processing"
"Bosnia and Herzegovina","LFS - Labour Force Survey","Mean weekly hours actually worked per employee by sex","Male","2024",41.27,,,"Repository: ILO-STATISTICS - Micro data processing"
"Bosnia and Herzegovina","LFS - Labour Force Survey","Mean weekly hours actually worked per employee by sex","Female","2024",40.92,,,"Repository: ILO-STATISTICS - Micro data processing"
"Belarus","LFS - Labour Force Survey","Mean weekly hours actually worked per employee by sex","Total","2024",39.17,,,"Repository: ILO-STATISTICS - Micro data processing | Age coverage - maximum age: 74 years old"
"Belarus","LFS - Labour Force Survey","Mean weekly hours actually worked per employee by sex","Male","2024",39.91,,,"Repository: ILO-STATISTICS - Micro data processing | Age coverage - maximum age: 74 years old"
"Belarus","LFS - Labour Force Survey","Mean weekly hours actually worked per employee by sex","Female","2024",38.4,,,"Repository: ILO-STATISTICS - Micro data processing | Age coverage - maximum age: 74 years old"
"Belize","LFS - Labour Force Survey","Mean weekly hours actually worked per employee by sex","Total","2019",42.4,,,"Repository: ILO-STATISTICS - Micro data processing"
"Belize","LFS - Labour Force Survey","Mean weekly hours actually worked per employee by sex","Male","2019",44.31,,,"Repository: ILO-STATISTICS - Micro data processing"
"Belize","LFS - Labour Force Survey","Mean weekly hours actually worked per employee by sex","Female","2019",39.23,,,"Repository: ILO-STATISTICS - Micro data processing"
"Bolivia (Plurinational State of)","LFS - Continuous Employment Survey","Mean weekly hours actually worked per employee by sex","Total","2024",39.58,,,"Repository: ILO-STATISTICS - Micro data processing"
"Bolivia (Plurinational State of)","LFS - Continuous Employment Survey","Mean weekly hours actually worked per employee by sex","Male","2024",42.52,,,"Repository: ILO-STATISTICS - Micro data processing"
"Bolivia (Plurinational State of)","LFS - Continuous Employment Survey","Mean weekly hours actually worked per employee by sex","Female","2024",35.72,,,"Repository: ILO-STATISTICS - Micro data processing"
"Brazil","HS - Continuous National Household Sample Survey","Mean weekly hours actually worked per employee by sex","Total","2025",39.36,,,"Repository: ILO-STATISTICS - Micro data processing"
"Brazil","HS - Continuous National Household Sample Survey","Mean weekly hours actually worked per employee by sex","Male","2025",40.97,,,"Repository: ILO-STATISTICS - Micro data processing"
"Brazil","HS - Continuous National Household Sample Survey","Mean weekly hours actually worked per employee by sex","Female","2025",37.51,,,"Repository: ILO-STATISTICS - Micro data processing"
"Brunei Darussalam","LFS - Labour Force Survey","Mean weekly hours actually worked per employee by sex","Total","2024",47.47,,,"Repository: ILO-STATISTICS - Micro data processing"
"Brunei Darussalam","LFS - Labour Force Survey","Mean weekly hours actually worked per employee by sex","Male","2024",48.18,,,"Repository: ILO-STATISTICS - Micro data processing"
"Brunei Darussalam","LFS - Labour Force Survey","Mean weekly hours actually worked per employee by sex","Female","2024",46.38,,,"Repository: ILO-STATISTICS - Micro data processing"
"Bhutan","LFS - Labour Force Survey","Mean weekly hours actually worked per employee by sex","Total","2022",53.23,,,"Repository: ILO-STATISTICS - Micro data processing"
"Bhutan","LFS - Labour Force Survey","Mean weekly hours actually worked per employee by sex","Male","2022",54.36,,,"Repository: ILO-STATISTICS - Micro data processing"
"Bhutan","LFS - Labour Force Survey","Mean weekly hours actually worked per employee by sex","Female","2022",50.47,,,"Repository: ILO-STATISTICS - Micro data processing"
"Botswana","HS - Multi-Topic Household Survey","Mean weekly hours actually worked per employee by sex","Total","2024",44.94,,,"Repository: ILO-STATISTICS - Micro data processing"
"Botswana","HS - Multi-Topic Household Survey","Mean weekly hours actually worked per employee by sex","Male","2024",48.12,,,"Repository: ILO-STATISTICS - Micro data processing"
"Botswana","HS - Multi-Topic Household Survey","Mean weekly hours actually worked per employee by sex","Female","2024",42.16,,,"Repository: ILO-STATISTICS - Micro data processing"
"Canada","LFS - Labour Force Survey","Mean weekly hours actually worked per employee by sex","Total","2025",34.74,,,"Repository: ILO-STATISTICS - Micro data processing"
"Canada","LFS - Labour Force Survey","Mean weekly hours actually worked per employee by sex","Male","2025",36.85,,,"Repository: ILO-STATISTICS - Micro data processing"
"Canada","LFS - Labour Force Survey","Mean weekly hours actually worked per employee by sex","Female","2025",32.41,,,"Repository: ILO-STATISTICS - Micro data processing"
"Switzerland","LFS - Labour Force Survey","Mean weekly hours actually worked per employee by sex","Total","2024",35.34,,,"Repository: ILO-STATISTICS - Micro data processing"
"Switzerland","LFS - Labour Force Survey","Mean weekly hours actually worked per employee by sex","Male","2024",39.23,,,"Repository: ILO-STATISTICS - Micro data processing"
"Switzerland","LFS - Labour Force Survey","Mean weekly hours actually worked per employee by sex","Female","2024",31.05,,,"Repository: ILO-STATISTICS - Micro data processing"
"Chile","LFS - National Employment Survey","Mean weekly hours actually worked per employee by sex","Total","2025",40.59,,,"Repository: ILO-STATISTICS - Micro data processing"
"Chile","LFS - National Employment Survey","Mean weekly hours actually worked per employee by sex","Male","2025",41.83,,,"Repository: ILO-STATISTICS - Micro data processing"
"Chile","LFS - National Employment Survey","Mean weekly hours actually worked per employee by sex","Female","2025",38.93,,,"Repository: ILO-STATISTICS - Micro data processing"
"Côte d'Ivoire","LFS - National Survey on the Employment Situation","Mean weekly hours actually worked per employee by sex","Total","2019",44.95,,,"Repository: ILO-STATISTICS - Micro data processing"
"Côte d'Ivoire","LFS - National Survey on the Employment Situation","Mean weekly hours actually worked per employee by sex","Male","2019",44.95,,,"Repository: ILO-STATISTICS - Micro data processing"
"Côte d'Ivoire","LFS - National Survey on the Employment Situation","Mean weekly hours actually worked per employee by sex","Female","2019",44.94,,,"Repository: ILO-STATISTICS - Micro data processing"
"Congo, Democratic Republic of the","HIES - Indicator Cluster Survey","Mean weekly hours actually worked per employee by sex","Total","2020",36.16,,,"Repository: ILO-STATISTICS - Micro data processing"
"Congo, Democratic Republic of the","HIES - Indicator Cluster Survey","Mean weekly hours actually worked per employee by sex","Male","2020",37.36,,,"Repository: ILO-STATISTICS - Micro data processing"
"Congo, Democratic Republic of the","HIES - Indicator Cluster Survey","Mean weekly hours actually worked per employee by sex","Female","2020",33.42,,,"Repository: ILO-STATISTICS - Micro data processing"
"Congo","LFS - Employment Survey","Mean weekly hours actually worked per employee by sex","Total","2009",50.71,"Break in series","Break in series: Methodology revised","Repository: ILO-STATISTICS - Micro data processing | Geographical coverage: Urban areas only"
"Congo","LFS - Employment Survey","Mean weekly hours actually worked per employee by sex","Male","2009",51.44,"Break in series","Break in series: Methodology revised","Repository: ILO-STATISTICS - Micro data processing | Geographical coverage: Urban areas only"
"Congo","LFS - Employment Survey","Mean weekly hours actually worked per employee by sex","Female","2009",50.13,"Break in series","Break in series: Methodology revised","Repository: ILO-STATISTICS - Micro data processing | Geographical coverage: Urban areas only"
"Cook Islands","LFS - Labour Force Survey","Mean weekly hours actually worked per employee by sex","Total","2023",36.21,,,"Repository: ILO-STATISTICS - Micro data processing"
"Cook Islands","LFS - Labour Force Survey","Mean weekly hours actually worked per employee by sex","Male","2023",37.77,,,"Repository: ILO-STATISTICS - Micro data processing"
"Cook Islands","LFS - Labour Force Survey","Mean weekly hours actually worked per employee by sex","Female","2023",34.75,,,"Repository: ILO-STATISTICS - Micro data processing"
"Colombia","LFS - Integrated Household Survey","Mean weekly hours actually worked per employee by sex","Total","2025",45.14,,,"Repository: ILO-STATISTICS - Micro data processing"
"Colombia","LFS - Integrated Household Survey","Mean weekly hours actually worked per employee by sex","Male","2025",46.69,,,"Repository: ILO-STATISTICS - Micro data processing"
"Colombia","LFS - Integrated Household Survey","Mean weekly hours actually worked per employee by sex","Female","2025",43.15,,,"Repository: ILO-STATISTICS - Micro data processing"
"Comoros","LFS - National Survey on Employment and the Informal Sector","Mean weekly hours actually worked per employee by sex","Total","2021",40.41,,,"Repository: ILO-STATISTICS - Micro data processing"
"Comoros","LFS - National Survey on Employment and the Informal Sector","Mean weekly hours actually worked per employee by sex","Male","2021",41.31,,,"Repository: ILO-STATISTICS - Micro data processing"
"Comoros","LFS - National Survey on Employment and the Informal Sector","Mean weekly hours actually worked per employee by sex","Female","2021",37.26,,,"Repository: ILO-STATISTICS - Micro data processing"
"Cabo Verde","LFS - Continuous Multi-Objective Survey Employment and Labor Market Statistics","Mean weekly hours actually worked per employee by sex","Total","2009",47.05,,,"Repository: ILO-STATISTICS - Micro data processing"
"Cabo Verde","LFS - Continuous Multi-Objective Survey Employment and Labor Market Statistics","Mean weekly hours actually worked per employee by sex","Male","2009",48.58,,,"Repository: ILO-STATISTICS - Micro data processing"
"Cabo Verde","LFS - Continuous Multi-Objective Survey Employment and Labor Market Statistics","Mean weekly hours actually worked per employee by sex","Female","2009",44.4,,,"Repository: ILO-STATISTICS - Micro data processing"
"Costa Rica","LFS - Continuous Employment Survey","Mean weekly hours actually worked per employee by sex","Total","2025",44.59,,,"Repository: ILO-STATISTICS - Micro data processing"
"Costa Rica","LFS - Continuous Employment Survey","Mean weekly hours actually worked per employee by sex","Male","2025",46.99,,,"Repository: ILO-STATISTICS - Micro data processing"
"Costa Rica","LFS - Continuous Employment Survey","Mean weekly hours actually worked per employee by sex","Female","2025",41.2,,,"Repository: ILO-STATISTICS - Micro data processing"
"Cyprus","LFS - Labour Force Survey","Mean weekly hours actually worked per employee by sex","Total","2024",37.93,,,"Repository: ILO-STATISTICS - Micro data processing"
"Cyprus","LFS - Labour Force Survey","Mean weekly hours actually worked per employee by sex","Male","2024",39.15,,,"Repository: ILO-STATISTICS - Micro data processing"
"Cyprus","LFS - Labour Force Survey","Mean weekly hours actually worked per employee by sex","Female","2024",36.63,,,"Repository: ILO-STATISTICS - Micro data processing"
"Czechia","LFS - Labour Force Sample Survey","Mean weekly hours actually worked per employee by sex","Total","2024",37.44,,,"Repository: ILO-STATISTICS - Micro data processing"
"Czechia","LFS - Labour Force Sample Survey","Mean weekly hours actually worked per employee by sex","Male","2024",38.74,,,"Repository: ILO-STATISTICS - Micro data processing"
"Czechia","LFS - Labour Force Sample Survey","Mean weekly hours actually worked per employee by sex","Female","2024",35.95,,,"Repository: ILO-STATISTICS - Micro data processing"
"Germany","LFS - EU Labour Force Survey","Mean weekly hours actually worked per employee by sex","Total","2024",32.91,,,"Repository: ILO-STATISTICS - Micro data processing"
"Germany","LFS - EU Labour Force Survey","Mean weekly hours actually worked per employee by sex","Male","2024",36.11,,,"Repository: ILO-STATISTICS - Micro data processing"
"Germany","LFS - EU Labour Force Survey","Mean weekly hours actually worked per employee by sex","Female","2024",29.3,,,"Repository: ILO-STATISTICS - Micro data processing"
"Denmark","LFS - EU Labour Force Survey","Mean weekly hours actually worked per employee by sex","Total","2024",32.09,,,"Repository: ILO-STATISTICS - Micro data processing"
"Denmark","LFS - EU Labour Force Survey","Mean weekly hours actually worked per employee by sex","Male","2024",33.95,,,"Repository: ILO-STATISTICS - Micro data processing"
"Denmark","LFS - EU Labour Force Survey","Mean weekly hours actually worked per employee by sex","Female","2024",30,,,"Repository: ILO-STATISTICS - Micro data processing"
"Dominican Republic","LFS - Continuous National Labour Force Survey","Mean weekly hours actually worked per employee by sex","Total","2025",41.58,,,"Repository: ILO-STATISTICS - Micro data processing"
"Dominican Republic","LFS - Continuous National Labour Force Survey","Mean weekly hours actually worked per employee by sex","Male","2025",43.84,,,"Repository: ILO-STATISTICS - Micro data processing"
"Dominican Republic","LFS - Continuous National Labour Force Survey","Mean weekly hours actually worked per employee by sex","Female","2025",39.33,,,"Repository: ILO-STATISTICS - Micro data processing"
"Ecuador","LFS - National Survey on Employment, Unemployment and Underemployment","Mean weekly hours actually worked per employee by sex","Total","2025",37.18,,,"Repository: ILO-STATISTICS - Micro data processing"
"Ecuador","LFS - National Survey on Employment, Unemployment and Underemployment","Mean weekly hours actually worked per employee by sex","Male","2025",37.64,,,"Repository: ILO-STATISTICS - Micro data processing"
"Ecuador","LFS - National Survey on Employment, Unemployment and Underemployment","Mean weekly hours actually worked per employee by sex","Female","2025",36.29,,,"Repository: ILO-STATISTICS - Micro data processing"
"Egypt","LFS - Labour Force Sample Survey","Mean weekly hours actually worked per employee by sex","Total","2024",45.92,"Break in series","Break in series: Methodology revised","Repository: ILO-STATISTICS - Micro data processing"
"Egypt","LFS - Labour Force Sample Survey","Mean weekly hours actually worked per employee by sex","Male","2024",46.43,"Break in series","Break in series: Methodology revised","Repository: ILO-STATISTICS - Micro data processing"
"Egypt","LFS - Labour Force Sample Survey","Mean weekly hours actually worked per employee by sex","Female","2024",43.05,"Break in series","Break in series: Methodology revised","Repository: ILO-STATISTICS - Micro data processing"
"Spain","LFS - Labour Force Survey","Mean weekly hours actually worked per employee by sex","Total","2025",35.14,,,"Repository: ILO-STATISTICS - Micro data processing"
"Spain","LFS - Labour Force Survey","Mean weekly hours actually worked per employee by sex","Male","2025",37.03,,,"Repository: ILO-STATISTICS - Micro data processing"
"Spain","LFS - Labour Force Survey","Mean weekly hours actually worked per employee by sex","Female","2025",33.09,,,"Repository: ILO-STATISTICS - Micro data processing"
"Estonia","LFS - Labour Force Survey","Mean weekly hours actually worked per employee by sex","Total","2024",36.05,,,"Repository: ILO-STATISTICS - Micro data processing"
"Estonia","LFS - Labour Force Survey","Mean weekly hours actually worked per employee by sex","Male","2024",37.16,,,"Repository: ILO-STATISTICS - Micro data processing"
"Estonia","LFS - Labour Force Survey","Mean weekly hours actually worked per employee by sex","Female","2024",35.03,,,"Repository: ILO-STATISTICS - Micro data processing"
"Ethiopia","LFS - National Labor Force Survey","Mean weekly hours actually worked per employee by sex","Total","2021",43.73,,,"Repository: ILO-STATISTICS - Micro data processing"
"Ethiopia","LFS - National Labor Force Survey","Mean weekly hours actually worked per employee by sex","Male","2021",44.27,,,"Repository: ILO-STATISTICS - Micro data processing"
"Ethiopia","LFS - National Labor Force Survey","Mean weekly hours actually worked per employee by sex","Female","2021",42.72,,,"Repository: ILO-STATISTICS - Micro data processing"
"Finland","LFS - EU Labour Force Survey","Mean weekly hours actually worked per employee by sex","Total","2024",33.68,,,"Repository: ILO-STATISTICS - Micro data processing"
"Finland","LFS - EU Labour Force Survey","Mean weekly hours actually worked per employee by sex","Male","2024",35.37,,,"Repository: ILO-STATISTICS - Micro data processing"
"Finland","LFS - EU Labour Force Survey","Mean weekly hours actually worked per employee by sex","Female","2024",31.94,,,"Repository: ILO-STATISTICS - Micro data processing"
"Fiji","LFS - Employment, Unemployment Survey","Mean weekly hours actually worked per employee by sex","Total","2024",42.64,,,"Repository: ILO-STATISTICS - Micro data processing"
"Fiji","LFS - Employment, Unemployment Survey","Mean weekly hours actually worked per employee by sex","Male","2024",43.4,,,"Repository: ILO-STATISTICS - Micro data processing"
"Fiji","LFS - Employment, Unemployment Survey","Mean weekly hours actually worked per employee by sex","Female","2024",41.37,,,"Repository: ILO-STATISTICS - Micro data processing"
"France","LFS - Employment Survey","Mean weekly hours actually worked per employee by sex","Total","2024",34.64,,,"Repository: ILO-STATISTICS - Micro data processing"
"France","LFS - Employment Survey","Mean weekly hours actually worked per employee by sex","Male","2024",36.41,,,"Repository: ILO-STATISTICS - Micro data processing"
"France","LFS - Employment Survey","Mean weekly hours actually worked per employee by sex","Female","2024",32.83,,,"Repository: ILO-STATISTICS - Micro data processing"
"Micronesia (Federated States of)","HIES - Household Income and Expenditure Survey","Mean weekly hours actually worked per employee by sex","Total","2014",38.58,,,"Repository: ILO-STATISTICS - Micro data processing"
"Micronesia (Federated States of)","HIES - Household Income and Expenditure Survey","Mean weekly hours actually worked per employee by sex","Male","2014",38.2,,,"Repository: ILO-STATISTICS - Micro data processing"
"Micronesia (Federated States of)","HIES - Household Income and Expenditure Survey","Mean weekly hours actually worked per employee by sex","Female","2014",39.18,,,"Repository: ILO-STATISTICS - Micro data processing"
"United Kingdom of Great Britain and Northern Ireland","LFS - Labour Force Survey","Mean weekly hours actually worked per employee by sex","Total","2025",35.08,,,"Repository: ILO-STATISTICS - Micro data processing"
"United Kingdom of Great Britain and Northern Ireland","LFS - Labour Force Survey","Mean weekly hours actually worked per employee by sex","Male","2025",37.93,,,"Repository: ILO-STATISTICS - Micro data processing"
"United Kingdom of Great Britain and Northern Ireland","LFS - Labour Force Survey","Mean weekly hours actually worked per employee by sex","Female","2025",32.15,,,"Repository: ILO-STATISTICS - Micro data processing"
"Georgia","LFS - Labour Force Survey","Mean weekly hours actually worked per employee by sex","Total","2024",41.43,,,"Repository: ILO-STATISTICS - Micro data processing"
"Georgia","LFS - Labour Force Survey","Mean weekly hours actually worked per employee by sex","Male","2024",44.3,,,"Repository: ILO-STATISTICS - Micro data processing"
"Georgia","LFS - Labour Force Survey","Mean weekly hours actually worked per employee by sex","Female","2024",38.69,,,"Repository: ILO-STATISTICS - Micro data processing"
"Ghana","HIES - Household Income and Expenditure Survey","Mean weekly hours actually worked per employee by sex","Total","2024",39.8,,,"Repository: ILO-STATISTICS - Micro data processing"
"Ghana","HIES - Household Income and Expenditure Survey","Mean weekly hours actually worked per employee by sex","Male","2024",40.64,,,"Repository: ILO-STATISTICS - Micro data processing"
"Ghana","HIES - Household Income and Expenditure Survey","Mean weekly hours actually worked per employee by sex","Female","2024",38.45,,,"Repository: ILO-STATISTICS - Micro data processing"
"Gambia","LFS - Labour Force Survey","Mean weekly hours actually worked per employee by sex","Total","2023",44.14,,,"Repository: ILO-STATISTICS - Micro data processing"
"Gambia","LFS - Labour Force Survey","Mean weekly hours actually worked per employee by sex","Male","2023",47.3,,,"Repository: ILO-STATISTICS - Micro data processing"
"Gambia","LFS - Labour Force Survey","Mean weekly hours actually worked per employee by sex","Female","2023",36.74,,,"Repository: ILO-STATISTICS - Micro data processing"
"Guinea-Bissau","LFS - Integrated Regional Survey on Employment and Informal Sector","Mean weekly hours actually worked per employee by sex","Total","2018",42.31,,,"Repository: ILO-STATISTICS - Micro data processing"
"Guinea-Bissau","LFS - Integrated Regional Survey on Employment and Informal Sector","Mean weekly hours actually worked per employee by sex","Male","2018",43.79,,,"Repository: ILO-STATISTICS - Micro data processing"
"Guinea-Bissau","LFS - Integrated Regional Survey on Employment and Informal Sector","Mean weekly hours actually worked per employee by sex","Female","2018",37.43,,,"Repository: ILO-STATISTICS - Micro data processing"
"Greece","LFS - Labour Force Survey","Mean weekly hours actually worked per employee by sex","Total","2025",37.84,,,"Repository: ILO-STATISTICS - Micro data processing"
"Greece","LFS - Labour Force Survey","Mean weekly hours actually worked per employee by sex","Male","2025",38.99,,,"Repository: ILO-STATISTICS - Micro data processing"
"Greece","LFS - Labour Force Survey","Mean weekly hours actually worked per employee by sex","Female","2025",36.54,,,"Repository: ILO-STATISTICS - Micro data processing"
"Grenada","LFS - Labour Force Survey","Mean weekly hours actually worked per employee by sex","Total","2023",42.06,,,"Repository: ILO-STATISTICS - Micro data processing"
"Grenada","LFS - Labour Force Survey","Mean weekly hours actually worked per employee by sex","Male","2023",44.26,,,"Repository: ILO-STATISTICS - Micro data processing"
"Grenada","LFS - Labour Force Survey","Mean weekly hours actually worked per employee by sex","Female","2023",39.74,,,"Repository: ILO-STATISTICS - Micro data processing"
"Guatemala","LFS - Employment and Income Survey","Mean weekly hours actually worked per employee by sex","Total","2024",45.77,"Break in series","Break in series: Methodology revised","Repository: ILO-STATISTICS - Micro data processing"
"Guatemala","LFS - Employment and Income Survey","Mean weekly hours actually worked per employee by sex","Male","2024",48.9,"Break in series","Break in series: Methodology revised","Repository: ILO-STATISTICS - Micro data processing"
"Guatemala","LFS - Employment and Income Survey","Mean weekly hours actually worked per employee by sex","Female","2024",40.49,"Break in series","Break in series: Methodology revised","Repository: ILO-STATISTICS - Micro data processing"
"Guyana","LFS - Labour Force Survey","Mean weekly hours actually worked per employee by sex","Total","2019",45.04,,,"Repository: ILO-STATISTICS - Micro data processing"
"Guyana","LFS - Labour Force Survey","Mean weekly hours actually worked per employee by sex","Male","2019",47.73,,,"Repository: ILO-STATISTICS - Micro data processing"
"Guyana","LFS - Labour Force Survey","Mean weekly hours actually worked per employee by sex","Female","2019",41.14,,,"Repository: ILO-STATISTICS - Micro data processing"
"Honduras","HS - Continous Multi-Purpose Household Survey","Mean weekly hours actually worked per employee by sex","Total","2025",44.87,,,"Repository: ILO-STATISTICS - Micro data processing | Data reference period: Second quarter"
"Honduras","HS - Continous Multi-Purpose Household Survey","Mean weekly hours actually worked per employee by sex","Male","2025",45.88,,,"Repository: ILO-STATISTICS - Micro data processing | Data reference period: Second quarter"
"Honduras","HS - Continous Multi-Purpose Household Survey","Mean weekly hours actually worked per employee by sex","Female","2025",42.78,,,"Repository: ILO-STATISTICS - Micro data processing | Data reference period: Second quarter"
"Croatia","LFS - EU Labour Force Survey","Mean weekly hours actually worked per employee by sex","Total","2024",37.49,,,"Repository: ILO-STATISTICS - Micro data processing"
"Croatia","LFS - EU Labour Force Survey","Mean weekly hours actually worked per employee by sex","Male","2024",37.97,,,"Repository: ILO-STATISTICS - Micro data processing"
"Croatia","LFS - EU Labour Force Survey","Mean weekly hours actually worked per employee by sex","Female","2024",36.97,,,"Repository: ILO-STATISTICS - Micro data processing"
"Haiti","HIES - Households Living Conditions Survey","Mean weekly hours actually worked per employee by sex","Total","2012",45.71,,,"Repository: ILO-STATISTICS - Micro data processing"
"Haiti","HIES - Households Living Conditions Survey","Mean weekly hours actually worked per employee by sex","Male","2012",45.89,,,"Repository: ILO-STATISTICS - Micro data processing"
"Haiti","HIES - Households Living Conditions Survey","Mean weekly hours actually worked per employee by sex","Female","2012",45.2,,,"Repository: ILO-STATISTICS - Micro data processing"
"Hungary","LFS - Labour Force Survey","Mean weekly hours actually worked per employee by sex","Total","2024",37.13,,,"Repository: ILO-STATISTICS - Micro data processing"
"Hungary","LFS - Labour Force Survey","Mean weekly hours actually worked per employee by sex","Male","2024",37.7,,,"Repository: ILO-STATISTICS - Micro data processing"
"Hungary","LFS - Labour Force Survey","Mean weekly hours actually worked per employee by sex","Female","2024",36.48,,,"Repository: ILO-STATISTICS - Micro data processing"
"Indonesia","LFS - National Labour Force Survey","Mean weekly hours actually worked per employee by sex","Total","2023",41.93,,,"Repository: ILO-STATISTICS - Micro data processing"
"Indonesia","LFS - National Labour Force Survey","Mean weekly hours actually worked per employee by sex","Male","2023",43.67,,,"Repository: ILO-STATISTICS - Micro data processing"
"Indonesia","LFS - National Labour Force Survey","Mean weekly hours actually worked per employee by sex","Female","2023",38.38,,,"Repository: ILO-STATISTICS - Micro data processing"
"India","LFS - Periodic Labour Force Survey","Mean weekly hours actually worked per employee by sex","Total","2024",56.19,,,"Repository: ILO-STATISTICS - Micro data processing"
"India","LFS - Periodic Labour Force Survey","Mean weekly hours actually worked per employee by sex","Male","2024",58.84,,,"Repository: ILO-STATISTICS - Micro data processing"
"India","LFS - Periodic Labour Force Survey","Mean weekly hours actually worked per employee by sex","Female","2024",48.84,,,"Repository: ILO-STATISTICS - Micro data processing"
"India","LFS - Periodic Labour Force Survey","Mean weekly hours actually worked per employee by sex","Other","2024",,"Unreliable",,"Repository: ILO-STATISTICS - Micro data processing"
"Ireland","LFS - EU Labour Force Survey","Mean weekly hours actually worked per employee by sex","Total","2024",33.48,,,"Repository: ILO-STATISTICS - Micro data processing"
"Ireland","LFS - EU Labour Force Survey","Mean weekly hours actually worked per employee by sex","Male","2024",35.95,,,"Repository: ILO-STATISTICS - Micro data processing"
"Ireland","LFS - EU Labour Force Survey","Mean weekly hours actually worked per employee by sex","Female","2024",30.89,,,"Repository: ILO-STATISTICS - Micro data processing"
"Iran (Islamic Republic of)","LFS - Labour Force Survey","Mean weekly hours actually worked per employee by sex","Total","2024",46.62,,,"Repository: ILO-STATISTICS - Micro data processing"
"Iran (Islamic Republic of)","LFS - Labour Force Survey","Mean weekly hours actually worked per employee by sex","Male","2024",48.05,,,"Repository: ILO-STATISTICS - Micro data processing"
"Iran (Islamic Republic of)","LFS - Labour Force Survey","Mean weekly hours actually worked per employee by sex","Female","2024",39.96,,,"Repository: ILO-STATISTICS - Micro data processing"
"Iraq","LFS - Labour Force Survey","Mean weekly hours actually worked per employee by sex","Total","2021",31.59,,,"Repository: ILO-STATISTICS - Micro data processing"
"Iraq","LFS - Labour Force Survey","Mean weekly hours actually worked per employee by sex","Male","2021",33.19,,,"Repository: ILO-STATISTICS - Micro data processing"
"Iraq","LFS - Labour Force Survey","Mean weekly hours actually worked per employee by sex","Female","2021",21.03,,,"Repository: ILO-STATISTICS - Micro data processing"
"Iceland","LFS - EU Labour Force Survey","Mean weekly hours actually worked per employee by sex","Total","2023",34.45,,,"Repository: ILO-STATISTICS - Micro data processing"
"Iceland","LFS - EU Labour Force Survey","Mean weekly hours actually worked per employee by sex","Male","2023",37.36,,,"Repository: ILO-STATISTICS - Micro data processing"
"Iceland","LFS - EU Labour Force Survey","Mean weekly hours actually worked per employee by sex","Female","2023",31.11,,,"Repository: ILO-STATISTICS - Micro data processing"
"Israel","LFS - Labour Force Survey","Mean weekly hours actually worked per employee by sex","Total","2024",37.98,,,"Repository: ILO-STATISTICS - Micro data processing"
"Israel","LFS - Labour Force Survey","Mean weekly hours actually worked per employee by sex","Male","2024",40.88,,,"Repository: ILO-STATISTICS - Micro data processing"
"Israel","LFS - Labour Force Survey","Mean weekly hours actually worked per employee by sex","Female","2024",35.06,,,"Repository: ILO-STATISTICS - Micro data processing"
"Italy","LFS - EU Labour Force Survey","Mean weekly hours actually worked per employee by sex","Total","2024",34.95,,,"Repository: ILO-STATISTICS - Micro data processing"
"Italy","LFS - EU Labour Force Survey","Mean weekly hours actually worked per employee by sex","Male","2024",37.47,,,"Repository: ILO-STATISTICS - Micro data processing"
"Italy","LFS - EU Labour Force Survey","Mean weekly hours actually worked per employee by sex","Female","2024",31.86,,,"Repository: ILO-STATISTICS - Micro data processing"
"Jamaica","LFS - Labour Force Survey","Mean weekly hours actually worked per employee by sex","Total","2023",42.84,,,"Repository: ILO-STATISTICS - Micro data processing"
"Jamaica","LFS - Labour Force Survey","Mean weekly hours actually worked per employee by sex","Male","2023",43.81,,,"Repository: ILO-STATISTICS - Micro data processing"
"Jamaica","LFS - Labour Force Survey","Mean weekly hours actually worked per employee by sex","Female","2023",41.86,,,"Repository: ILO-STATISTICS - Micro data processing"
"Jordan","LFS - Employment and Unemployment Survey","Mean weekly hours actually worked per employee by sex","Total","2024",48.41,,,"Repository: ILO-STATISTICS - Micro data processing"
"Jordan","LFS - Employment and Unemployment Survey","Mean weekly hours actually worked per employee by sex","Male","2024",48.52,,,"Repository: ILO-STATISTICS - Micro data processing"
"Jordan","LFS - Employment and Unemployment Survey","Mean weekly hours actually worked per employee by sex","Female","2024",48,,,"Repository: ILO-STATISTICS - Micro data processing"
"Kenya","HS - Continuous household survey","Mean weekly hours actually worked per employee by sex","Total","2022",45.44,,,"Repository: ILO-STATISTICS - Micro data processing"
"Kenya","HS - Continuous household survey","Mean weekly hours actually worked per employee by sex","Male","2022",47.58,,,"Repository: ILO-STATISTICS - Micro data processing"
"Kenya","HS - Continuous household survey","Mean weekly hours actually worked per employee by sex","Female","2022",41.2,,,"Repository: ILO-STATISTICS - Micro data processing"
"Kyrgyzstan","LFS - Employment and Unemployment Survey","Mean weekly hours actually worked per employee by sex","Total","2023",41.22,,,"Repository: ILO-STATISTICS - Micro data processing"
"Kyrgyzstan","LFS - Employment and Unemployment Survey","Mean weekly hours actually worked per employee by sex","Male","2023",42.74,,,"Repository: ILO-STATISTICS - Micro data processing"
"Kyrgyzstan","LFS - Employment and Unemployment Survey","Mean weekly hours actually worked per employee by sex","Female","2023",39.04,,,"Repository: ILO-STATISTICS - Micro data processing"
"Cambodia","HIES - Household Socio-Economic Survey","Mean weekly hours actually worked per employee by sex","Total","2023",49.69,,,"Repository: ILO-STATISTICS - Micro data processing"
"Cambodia","HIES - Household Socio-Economic Survey","Mean weekly hours actually worked per employee by sex","Male","2023",49.93,,,"Repository: ILO-STATISTICS - Micro data processing"
"Cambodia","HIES - Household Socio-Economic Survey","Mean weekly hours actually worked per employee by sex","Female","2023",49.34,,,"Repository: ILO-STATISTICS - Micro data processing"
"Kiribati","HIES - Household Income and Expenditure Survey","Mean weekly hours actually worked per employee by sex","Total","2023",39.14,,,"Repository: ILO-STATISTICS - Micro data processing"
"Kiribati","HIES - Household Income and Expenditure Survey","Mean weekly hours actually worked per employee by sex","Male","2023",40.09,,,"Repository: ILO-STATISTICS - Micro data processing"
"Kiribati","HIES - Household Income and Expenditure Survey","Mean weekly hours actually worked per employee by sex","Female","2023",37.75,,,"Repository: ILO-STATISTICS - Micro data processing"
"Republic of Korea","LFS - Economically Active Population Survey","Mean weekly hours actually worked per employee by sex","Total","2025",37.72,,,"Repository: ILO-STATISTICS - Micro data processing"
"Republic of Korea","LFS - Economically Active Population Survey","Mean weekly hours actually worked per employee by sex","Male","2025",40.44,,,"Repository: ILO-STATISTICS - Micro data processing"
"Republic of Korea","LFS - Economically Active Population Survey","Mean weekly hours actually worked per employee by sex","Female","2025",34.57,,,"Repository: ILO-STATISTICS - Micro data processing"
"Kosovo","LFS - Labour Force Survey","Mean weekly hours actually worked per employee by sex","Total","2024",42.01,,,"Repository: ILO-STATISTICS - Micro data processing"
"Kosovo","LFS - Labour Force Survey","Mean weekly hours actually worked per employee by sex","Male","2024",42.81,,,"Repository: ILO-STATISTICS - Micro data processing"
"Kosovo","LFS - Labour Force Survey","Mean weekly hours actually worked per employee by sex","Female","2024",40.26,,,"Repository: ILO-STATISTICS - Micro data processing"
"Lao People's Democratic Republic","LFS - Labour Force Survey","Mean weekly hours actually worked per employee by sex","Total","2022",43.84,"Break in series","Break in series: Methodology revised","Repository: ILO-STATISTICS - Micro data processing"
"Lao People's Democratic Republic","LFS - Labour Force Survey","Mean weekly hours actually worked per employee by sex","Male","2022",44.44,"Break in series","Break in series: Methodology revised","Repository: ILO-STATISTICS - Micro data processing"
"Lao People's Democratic Republic","LFS - Labour Force Survey","Mean weekly hours actually worked per employee by sex","Female","2022",42.79,"Break in series","Break in series: Methodology revised","Repository: ILO-STATISTICS - Micro data processing"
"Lebanon","LFS - Labour Force Survey","Mean weekly hours actually worked per employee by sex","Total","2019",47.83,"Break in series","Break in series: Methodology revised","Repository: ILO-STATISTICS - Micro data processing"
"Lebanon","LFS - Labour Force Survey","Mean weekly hours actually worked per employee by sex","Male","2019",50.96,"Break in series","Break in series: Methodology revised","Repository: ILO-STATISTICS - Micro data processing"
"Lebanon","LFS - Labour Force Survey","Mean weekly hours actually worked per employee by sex","Female","2019",40.46,"Break in series","Break in series: Methodology revised","Repository: ILO-STATISTICS - Micro data processing"
"Liberia","LFS - Labour Force Survey","Mean weekly hours actually worked per employee by sex","Total","2017",49.44,"Break in series","Break in series: Methodology revised","Repository: ILO-STATISTICS - Micro data processing"
"Liberia","LFS - Labour Force Survey","Mean weekly hours actually worked per employee by sex","Male","2017",50.96,"Break in series","Break in series: Methodology revised","Repository: ILO-STATISTICS - Micro data processing"
"Liberia","LFS - Labour Force Survey","Mean weekly hours actually worked per employee by sex","Female","2017",44.5,"Break in series","Break in series: Methodology revised","Repository: ILO-STATISTICS - Micro data processing"
"Saint Lucia","LFS - Labour Force Survey","Mean weekly hours actually worked per employee by sex","Total","2025",40.08,,,"Repository: ILO-STATISTICS - Micro data processing"
"Saint Lucia","LFS - Labour Force Survey","Mean weekly hours actually worked per employee by sex","Male","2025",40.37,,,"Repository: ILO-STATISTICS - Micro data processing"
"Saint Lucia","LFS - Labour Force Survey","Mean weekly hours actually worked per employee by sex","Female","2025",39.81,,,"Repository: ILO-STATISTICS - Micro data processing"
"Sri Lanka","LFS - Labour Force Survey","Mean weekly hours actually worked per employee by sex","Total","2024",45.2,,,"Repository: ILO-STATISTICS - Micro data processing"
"Sri Lanka","LFS - Labour Force Survey","Mean weekly hours actually worked per employee by sex","Male","2024",46.23,,,"Repository: ILO-STATISTICS - Micro data processing"
"Sri Lanka","LFS - Labour Force Survey","Mean weekly hours actually worked per employee by sex","Female","2024",43.26,,,"Repository: ILO-STATISTICS - Micro data processing"
"Lesotho","LFS - Integrated Labour Force Survey","Mean weekly hours actually worked per employee by sex","Total","2024",50.96,,,"Repository: ILO-STATISTICS - Micro data processing"
"Lesotho","LFS - Integrated Labour Force Survey","Mean weekly hours actually worked per employee by sex","Male","2024",51.78,,,"Repository: ILO-STATISTICS - Micro data processing"
"Lesotho","LFS - Integrated Labour Force Survey","Mean weekly hours actually worked per employee by sex","Female","2024",50,,,"Repository: ILO-STATISTICS - Micro data processing"
"Lithuania","LFS - EU Labour Force Survey","Mean weekly hours actually worked per employee by sex","Total","2024",38.29,,,"Repository: ILO-STATISTICS - Micro data processing"
"Lithuania","LFS - EU Labour Force Survey","Mean weekly hours actually worked per employee by sex","Male","2024",38.92,,,"Repository: ILO-STATISTICS - Micro data processing"
"Lithuania","LFS - EU Labour Force Survey","Mean weekly hours actually worked per employee by sex","Female","2024",37.66,,,"Repository: ILO-STATISTICS - Micro data processing"
"Luxembourg","LFS - EU Labour Force Survey","Mean weekly hours actually worked per employee by sex","Total","2024",35.34,,,"Repository: ILO-STATISTICS - Micro data processing"
"Luxembourg","LFS - EU Labour Force Survey","Mean weekly hours actually worked per employee by sex","Male","2024",37.47,,,"Repository: ILO-STATISTICS - Micro data processing"
"Luxembourg","LFS - EU Labour Force Survey","Mean weekly hours actually worked per employee by sex","Female","2024",32.88,,,"Repository: ILO-STATISTICS - Micro data processing"
"Latvia","LFS - EU Labour Force Survey","Mean weekly hours actually worked per employee by sex","Total","2024",38.09,,,"Repository: ILO-STATISTICS - Micro data processing"
"Latvia","LFS - EU Labour Force Survey","Mean weekly hours actually worked per employee by sex","Male","2024",38.76,,,"Repository: ILO-STATISTICS - Micro data processing"
"Latvia","LFS - EU Labour Force Survey","Mean weekly hours actually worked per employee by sex","Female","2024",37.43,,,"Repository: ILO-STATISTICS - Micro data processing"
"Republic of Moldova","LFS - Labour Force Survey","Mean weekly hours actually worked per employee by sex","Total","2025",39.62,,,"Repository: ILO-STATISTICS - Micro data processing"
"Republic of Moldova","LFS - Labour Force Survey","Mean weekly hours actually worked per employee by sex","Male","2025",40.65,,,"Repository: ILO-STATISTICS - Micro data processing"
"Republic of Moldova","LFS - Labour Force Survey","Mean weekly hours actually worked per employee by sex","Female","2025",38.66,,,"Repository: ILO-STATISTICS - Micro data processing"
"Madagascar","HS - Periodic Household Survey","Mean weekly hours actually worked per employee by sex","Total","2022",36.61,"Break in series","Break in series: Methodology revised","Repository: ILO-STATISTICS - Micro data processing"
"Madagascar","HS - Periodic Household Survey","Mean weekly hours actually worked per employee by sex","Male","2022",38.46,"Break in series","Break in series: Methodology revised","Repository: ILO-STATISTICS - Micro data processing"
"Madagascar","HS - Periodic Household Survey","Mean weekly hours actually worked per employee by sex","Female","2022",33.73,"Break in series","Break in series: Methodology revised","Repository: ILO-STATISTICS - Micro data processing"
"Maldives","HIES - Household Income and Expenditure Survey","Mean weekly hours actually worked per employee by sex","Total","2019",48.48,,,"Repository: ILO-STATISTICS - Micro data processing"
"Maldives","HIES - Household Income and Expenditure Survey","Mean weekly hours actually worked per employee by sex","Male","2019",51.62,,,"Repository: ILO-STATISTICS - Micro data processing"
"Maldives","HIES - Household Income and Expenditure Survey","Mean weekly hours actually worked per employee by sex","Female","2019",43.61,,,"Repository: ILO-STATISTICS - Micro data processing"
"Mexico","LFS - National Occupation and Employment Survey","Mean weekly hours actually worked per employee by sex","Total","2025",43.87,,,"Repository: ILO-STATISTICS - Micro data processing"
"Mexico","LFS - National Occupation and Employment Survey","Mean weekly hours actually worked per employee by sex","Male","2025",46.41,,,"Repository: ILO-STATISTICS - Micro data processing"
"Mexico","LFS - National Occupation and Employment Survey","Mean weekly hours actually worked per employee by sex","Female","2025",40.22,,,"Repository: ILO-STATISTICS - Micro data processing"
"Marshall Islands","PC - Population Census","Mean weekly hours actually worked per employee by sex","Total","2021",40.9,"Break in series","Break in series: Methodology revised","Repository: ILO-STATISTICS - Micro data processing"
"Marshall Islands","PC - Population Census","Mean weekly hours actually worked per employee by sex","Male","2021",41.18,"Break in series","Break in series: Methodology revised","Repository: ILO-STATISTICS - Micro data processing"
"Marshall Islands","PC - Population Census","Mean weekly hours actually worked per employee by sex","Female","2021",40.33,"Break in series","Break in series: Methodology revised","Repository: ILO-STATISTICS - Micro data processing"
"North Macedonia","LFS - Labour Force Survey","Mean weekly hours actually worked per employee by sex","Total","2025",39.4,,,"Repository: ILO-STATISTICS - Micro data processing"
"North Macedonia","LFS - Labour Force Survey","Mean weekly hours actually worked per employee by sex","Male","2025",39.71,,,"Repository: ILO-STATISTICS - Micro data processing"
"North Macedonia","LFS - Labour Force Survey","Mean weekly hours actually worked per employee by sex","Female","2025",39.01,,,"Repository: ILO-STATISTICS - Micro data processing"
"Mali","LFS - Continous Household Employment Survey","Mean weekly hours actually worked per employee by sex","Total","2024",43.56,,,"Repository: ILO-STATISTICS - Micro data processing"
"Mali","LFS - Continous Household Employment Survey","Mean weekly hours actually worked per employee by sex","Male","2024",44.51,,,"Repository: ILO-STATISTICS - Micro data processing"
"Mali","LFS - Continous Household Employment Survey","Mean weekly hours actually worked per employee by sex","Female","2024",39.64,,,"Repository: ILO-STATISTICS - Micro data processing"
"Malta","LFS - Labour Force Survey","Mean weekly hours actually worked per employee by sex","Total","2024",36.9,,,"Repository: ILO-STATISTICS - Micro data processing"
"Malta","LFS - Labour Force Survey","Mean weekly hours actually worked per employee by sex","Male","2024",38.12,,,"Repository: ILO-STATISTICS - Micro data processing"
"Malta","LFS - Labour Force Survey","Mean weekly hours actually worked per employee by sex","Female","2024",35.2,,,"Repository: ILO-STATISTICS - Micro data processing"
"Myanmar","LFS - Labour Force Survey","Mean weekly hours actually worked per employee by sex","Total","2020",44.73,,,"Repository: ILO-STATISTICS - Micro data processing | Data reference period: First semester"
"Myanmar","LFS - Labour Force Survey","Mean weekly hours actually worked per employee by sex","Male","2020",45.48,,,"Repository: ILO-STATISTICS - Micro data processing | Data reference period: First semester"
"Myanmar","LFS - Labour Force Survey","Mean weekly hours actually worked per employee by sex","Female","2020",43.59,,,"Repository: ILO-STATISTICS - Micro data processing | Data reference period: First semester"
"Montenegro","LFS - Labour Force Survey","Mean weekly hours actually worked per employee by sex","Total","2024",42.44,,,"Repository: ILO-STATISTICS - Micro data processing"
"Montenegro","LFS - Labour Force Survey","Mean weekly hours actually worked per employee by sex","Male","2024",42.98,,,"Repository: ILO-STATISTICS - Micro data processing"
"Montenegro","LFS - Labour Force Survey","Mean weekly hours actually worked per employee by sex","Female","2024",41.85,,,"Repository: ILO-STATISTICS - Micro data processing"
"Mongolia","LFS - Labour Force Survey","Mean weekly hours actually worked per employee by sex","Total","2024",44.81,,,"Repository: ILO-STATISTICS - Micro data processing"
"Mongolia","LFS - Labour Force Survey","Mean weekly hours actually worked per employee by sex","Male","2024",47.22,,,"Repository: ILO-STATISTICS - Micro data processing"
"Mongolia","LFS - Labour Force Survey","Mean weekly hours actually worked per employee by sex","Female","2024",42.18,,,"Repository: ILO-STATISTICS - Micro data processing"
"Mozambique","HIES - Household Budget Survey","Mean weekly hours actually worked per employee by sex","Total","2022",48.08,,,"Repository: ILO-STATISTICS - Micro data processing"
"Mozambique","HIES - Household Budget Survey","Mean weekly hours actually worked per employee by sex","Male","2022",49.27,,,"Repository: ILO-STATISTICS - Micro data processing"
"Mozambique","HIES - Household Budget Survey","Mean weekly hours actually worked per employee by sex","Female","2022",45.31,,,"Repository: ILO-STATISTICS - Micro data processing"
"Mauritania","HIES - Living Standards Survey","Mean weekly hours actually worked per employee by sex","Total","2019",47.74,,,"Repository: ILO-STATISTICS - Micro data processing"
"Mauritania","HIES - Living Standards Survey","Mean weekly hours actually worked per employee by sex","Male","2019",49.73,,,"Repository: ILO-STATISTICS - Micro data processing"
"Mauritania","HIES - Living Standards Survey","Mean weekly hours actually worked per employee by sex","Female","2019",41.1,,,"Repository: ILO-STATISTICS - Micro data processing"
"Montserrat","LFS - Labour Force Survey","Mean weekly hours actually worked per employee by sex","Total","2020",38.72,,,"Repository: ILO-STATISTICS - Micro data processing"
"Montserrat","LFS - Labour Force Survey","Mean weekly hours actually worked per employee by sex","Male","2020",40.79,,,"Repository: ILO-STATISTICS - Micro data processing"
"Montserrat","LFS - Labour Force Survey","Mean weekly hours actually worked per employee by sex","Female","2020",36.92,,,"Repository: ILO-STATISTICS - Micro data processing"
"Mauritius","LFS - Continuous Multi-Purpose Household Survey","Mean weekly hours actually worked per employee by sex","Total","2024",39.28,,,"Repository: ILO-STATISTICS - Micro data processing | Age coverage - minimum age: 16 years old"
"Mauritius","LFS - Continuous Multi-Purpose Household Survey","Mean weekly hours actually worked per employee by sex","Male","2024",41.32,,,"Repository: ILO-STATISTICS - Micro data processing | Age coverage - minimum age: 16 years old"
"Mauritius","LFS - Continuous Multi-Purpose Household Survey","Mean weekly hours actually worked per employee by sex","Female","2024",36.86,,,"Repository: ILO-STATISTICS - Micro data processing | Age coverage - minimum age: 16 years old"
"Malawi","LFS - Labour Force Survey","Mean weekly hours actually worked per employee by sex","Total","2024",29.74,"Break in series","Break in series: Methodology revised","Repository: ILO-STATISTICS - Micro data processing | Age coverage - maximum age: 64 years old"
"Malawi","LFS - Labour Force Survey","Mean weekly hours actually worked per employee by sex","Male","2024",33.98,"Break in series","Break in series: Methodology revised","Repository: ILO-STATISTICS - Micro data processing | Age coverage - maximum age: 64 years old"
"Malawi","LFS - Labour Force Survey","Mean weekly hours actually worked per employee by sex","Female","2024",23.45,"Break in series","Break in series: Methodology revised","Repository: ILO-STATISTICS - Micro data processing | Age coverage - maximum age: 64 years old"
"Namibia","LFS - Labour Force Survey","Mean weekly hours actually worked per employee by sex","Total","2018",47.89,,,"Repository: ILO-STATISTICS - Micro data processing"
"Namibia","LFS - Labour Force Survey","Mean weekly hours actually worked per employee by sex","Male","2018",48.56,,,"Repository: ILO-STATISTICS - Micro data processing"
"Namibia","LFS - Labour Force Survey","Mean weekly hours actually worked per employee by sex","Female","2018",47.11,,,"Repository: ILO-STATISTICS - Micro data processing"
"New Caledonia","LFS - Labour Force Survey","Mean weekly hours actually worked per employee by sex","Total","2020",36.92,,,"Repository: ILO-STATISTICS - Micro data processing"
"New Caledonia","LFS - Labour Force Survey","Mean weekly hours actually worked per employee by sex","Male","2020",39.22,,,"Repository: ILO-STATISTICS - Micro data processing"
"New Caledonia","LFS - Labour Force Survey","Mean weekly hours actually worked per employee by sex","Female","2020",34.63,,,"Repository: ILO-STATISTICS - Micro data processing"
"Niger","LFS - National Survey on Employment and the Informal Sector","Mean weekly hours actually worked per employee by sex","Total","2017",39.97,"Break in series","Break in series: Methodology revised","Repository: ILO-STATISTICS - Micro data processing"
"Niger","LFS - National Survey on Employment and the Informal Sector","Mean weekly hours actually worked per employee by sex","Male","2017",40.73,"Break in series","Break in series: Methodology revised","Repository: ILO-STATISTICS - Micro data processing"
"Niger","LFS - National Survey on Employment and the Informal Sector","Mean weekly hours actually worked per employee by sex","Female","2017",36.7,"Break in series","Break in series: Methodology revised","Repository: ILO-STATISTICS - Micro data processing"
"Nigeria","HS - General Household Survey","Mean weekly hours actually worked per employee by sex","Total","2024",40.3,,,"Repository: ILO-STATISTICS - Micro data processing"
"Nigeria","HS - General Household Survey","Mean weekly hours actually worked per employee by sex","Male","2024",41,,,"Repository: ILO-STATISTICS - Micro data processing"
"Nigeria","HS - General Household Survey","Mean weekly hours actually worked per employee by sex","Female","2024",38.86,,,"Repository: ILO-STATISTICS - Micro data processing"
"Nicaragua","LFS - Continous Household Survey","Mean weekly hours actually worked per employee by sex","Total","2012",45.64,"Break in series","Break in series: Methodology revised","Repository: ILO-STATISTICS - Micro data processing"
"Nicaragua","LFS - Continous Household Survey","Mean weekly hours actually worked per employee by sex","Male","2012",46.63,"Break in series","Break in series: Methodology revised","Repository: ILO-STATISTICS - Micro data processing"
"Nicaragua","LFS - Continous Household Survey","Mean weekly hours actually worked per employee by sex","Female","2012",43.99,"Break in series","Break in series: Methodology revised","Repository: ILO-STATISTICS - Micro data processing"
"Niue","PC - Population Census","Mean weekly hours actually worked per employee by sex","Total","2022",34.34,,,"Repository: ILO-STATISTICS - Micro data processing"
"Niue","PC - Population Census","Mean weekly hours actually worked per employee by sex","Male","2022",34.62,,,"Repository: ILO-STATISTICS - Micro data processing"
"Niue","PC - Population Census","Mean weekly hours actually worked per employee by sex","Female","2022",34.07,,,"Repository: ILO-STATISTICS - Micro data processing"
"Netherlands","LFS - EU Labour Force Survey","Mean weekly hours actually worked per employee by sex","Total","2024",29.54,,,"Repository: ILO-STATISTICS - Micro data processing"
"Netherlands","LFS - EU Labour Force Survey","Mean weekly hours actually worked per employee by sex","Male","2024",33,,,"Repository: ILO-STATISTICS - Micro data processing"
"Netherlands","LFS - EU Labour Force Survey","Mean weekly hours actually worked per employee by sex","Female","2024",25.93,,,"Repository: ILO-STATISTICS - Micro data processing"
"Norway","LFS - EU Labour Force Survey","Mean weekly hours actually worked per employee by sex","Total","2024",32.45,,,"Repository: ILO-STATISTICS - Micro data processing"
"Norway","LFS - EU Labour Force Survey","Mean weekly hours actually worked per employee by sex","Male","2024",34.45,,,"Repository: ILO-STATISTICS - Micro data processing"
"Norway","LFS - EU Labour Force Survey","Mean weekly hours actually worked per employee by sex","Female","2024",30.17,,,"Repository: ILO-STATISTICS - Micro data processing"
"Nepal","LFS - Labour Force Survey","Mean weekly hours actually worked per employee by sex","Total","2017",43.62,"Break in series","Break in series: Methodology revised","Repository: ILO-STATISTICS - Micro data processing"
"Nepal","LFS - Labour Force Survey","Mean weekly hours actually worked per employee by sex","Male","2017",45.52,"Break in series","Break in series: Methodology revised","Repository: ILO-STATISTICS - Micro data processing"
"Nepal","LFS - Labour Force Survey","Mean weekly hours actually worked per employee by sex","Female","2017",38.91,"Break in series","Break in series: Methodology revised","Repository: ILO-STATISTICS - Micro data processing"
"Nauru","HIES - Household Income and Expenditure Survey","Mean weekly hours actually worked per employee by sex","Total","2024",34.89,,,"Repository: ILO-STATISTICS - Micro data processing"
"Nauru","HIES - Household Income and Expenditure Survey","Mean weekly hours actually worked per employee by sex","Male","2024",35.55,,,"Repository: ILO-STATISTICS - Micro data processing"
"Nauru","HIES - Household Income and Expenditure Survey","Mean weekly hours actually worked per employee by sex","Female","2024",34.14,,,"Repository: ILO-STATISTICS - Micro data processing"
"Pakistan","LFS - Labour Force Survey","Mean weekly hours actually worked per employee by sex","Total","2025",48.86,,,"Repository: ILO-STATISTICS - Micro data processing | Data reference period: Noncalendar year"
"Pakistan","LFS - Labour Force Survey","Mean weekly hours actually worked per employee by sex","Male","2025",50.11,,,"Repository: ILO-STATISTICS - Micro data processing | Data reference period: Noncalendar year"
"Pakistan","LFS - Labour Force Survey","Mean weekly hours actually worked per employee by sex","Female","2025",40.77,,,"Repository: ILO-STATISTICS - Micro data processing | Data reference period: Noncalendar year"
"Panama","LFS - Labour Market Survey","Mean weekly hours actually worked per employee by sex","Total","2024",41.45,,,"Repository: ILO-STATISTICS - Micro data processing | Data reference period: October"
"Panama","LFS - Labour Market Survey","Mean weekly hours actually worked per employee by sex","Male","2024",42.26,,,"Repository: ILO-STATISTICS - Micro data processing | Data reference period: October"
"Panama","LFS - Labour Market Survey","Mean weekly hours actually worked per employee by sex","Female","2024",40.42,,,"Repository: ILO-STATISTICS - Micro data processing | Data reference period: October"
"Peru","LFS - Permanent Employment Survey, National","Mean weekly hours actually worked per employee by sex","Total","2025",42.01,,,"Repository: ILO-STATISTICS - Micro data processing"
"Peru","LFS - Permanent Employment Survey, National","Mean weekly hours actually worked per employee by sex","Male","2025",43.82,,,"Repository: ILO-STATISTICS - Micro data processing"
"Peru","LFS - Permanent Employment Survey, National","Mean weekly hours actually worked per employee by sex","Female","2025",39.5,,,"Repository: ILO-STATISTICS - Micro data processing"
"Philippines","LFS - Labour Force Survey","Mean weekly hours actually worked per employee by sex","Total","2023",41.67,,,"Repository: ILO-STATISTICS - Micro data processing"
"Philippines","LFS - Labour Force Survey","Mean weekly hours actually worked per employee by sex","Male","2023",42.23,,,"Repository: ILO-STATISTICS - Micro data processing"
"Philippines","LFS - Labour Force Survey","Mean weekly hours actually worked per employee by sex","Female","2023",40.79,,,"Repository: ILO-STATISTICS - Micro data processing"
"Palau","PC - Population Census","Mean weekly hours actually worked per employee by sex","Total","2020",40.7,,,"Repository: ILO-STATISTICS - Micro data processing"
"Palau","PC - Population Census","Mean weekly hours actually worked per employee by sex","Male","2020",41.08,,,"Repository: ILO-STATISTICS - Micro data processing"
"Palau","PC - Population Census","Mean weekly hours actually worked per employee by sex","Female","2020",40.13,,,"Repository: ILO-STATISTICS - Micro data processing"
"Poland","LFS - EU Labour Force Survey","Mean weekly hours actually worked per employee by sex","Total","2024",38,,,"Repository: ILO-STATISTICS - Micro data processing"
"Poland","LFS - EU Labour Force Survey","Mean weekly hours actually worked per employee by sex","Male","2024",38.91,,,"Repository: ILO-STATISTICS - Micro data processing"
"Poland","LFS - EU Labour Force Survey","Mean weekly hours actually worked per employee by sex","Female","2024",37.01,,,"Repository: ILO-STATISTICS - Micro data processing"
"Puerto Rico","PC - Population Census","Mean weekly hours actually worked per employee by sex","Total","2020",36.03,,,"Repository: ILO-STATISTICS - Micro data processing"
"Puerto Rico","PC - Population Census","Mean weekly hours actually worked per employee by sex","Male","2020",37.15,,,"Repository: ILO-STATISTICS - Micro data processing"
"Puerto Rico","PC - Population Census","Mean weekly hours actually worked per employee by sex","Female","2020",34.91,,,"Repository: ILO-STATISTICS - Micro data processing"
"Portugal","LFS - Employment Survey","Mean weekly hours actually worked per employee by sex","Total","2025",36.79,,,"Repository: ILO-STATISTICS - Micro data processing"
"Portugal","LFS - Employment Survey","Mean weekly hours actually worked per employee by sex","Male","2025",38.16,,,"Repository: ILO-STATISTICS - Micro data processing"
"Portugal","LFS - Employment Survey","Mean weekly hours actually worked per employee by sex","Female","2025",35.47,,,"Repository: ILO-STATISTICS - Micro data processing"
"Paraguay","HS - Continuous Permanent Household Survey","Mean weekly hours actually worked per employee by sex","Total","2025",43.19,,,"Repository: ILO-STATISTICS - Micro data processing"
"Paraguay","HS - Continuous Permanent Household Survey","Mean weekly hours actually worked per employee by sex","Male","2025",46.28,,,"Repository: ILO-STATISTICS - Micro data processing"
"Paraguay","HS - Continuous Permanent Household Survey","Mean weekly hours actually worked per employee by sex","Female","2025",38.81,,,"Repository: ILO-STATISTICS - Micro data processing"
"Palestine (State of)","LFS - Labour Force Survey","Mean weekly hours actually worked per employee by sex","Total","2025",41.53,,,"Repository: ILO-STATISTICS - Micro data processing | Geographical coverage: Excluding Gaza Strip"
"Palestine (State of)","LFS - Labour Force Survey","Mean weekly hours actually worked per employee by sex","Male","2025",42.81,,,"Repository: ILO-STATISTICS - Micro data processing | Geographical coverage: Excluding Gaza Strip"
"Palestine (State of)","LFS - Labour Force Survey","Mean weekly hours actually worked per employee by sex","Female","2025",36.95,,,"Repository: ILO-STATISTICS - Micro data processing | Geographical coverage: Excluding Gaza Strip"
"Romania","LFS - Household Labour Force Survey","Mean weekly hours actually worked per employee by sex","Total","2024",38.96,,,"Repository: ILO-STATISTICS - Micro data processing"
"Romania","LFS - Household Labour Force Survey","Mean weekly hours actually worked per employee by sex","Male","2024",39.17,,,"Repository: ILO-STATISTICS - Micro data processing"
"Romania","LFS - Household Labour Force Survey","Mean weekly hours actually worked per employee by sex","Female","2024",38.69,,,"Repository: ILO-STATISTICS - Micro data processing"
"Russian Federation","LFS - Labour Force Survey","Mean weekly hours actually worked per employee by sex","Total","2025",39.4,,,"Repository: ILO-STATISTICS - Micro data processing"
"Russian Federation","LFS - Labour Force Survey","Mean weekly hours actually worked per employee by sex","Male","2025",39.98,,,"Repository: ILO-STATISTICS - Micro data processing"
"Russian Federation","LFS - Labour Force Survey","Mean weekly hours actually worked per employee by sex","Female","2025",38.78,,,"Repository: ILO-STATISTICS - Micro data processing"
"Rwanda","LFS - Labour Force Survey","Mean weekly hours actually worked per employee by sex","Total","2024",29.61,,,"Repository: ILO-STATISTICS - Micro data processing"
"Rwanda","LFS - Labour Force Survey","Mean weekly hours actually worked per employee by sex","Male","2024",31.87,,,"Repository: ILO-STATISTICS - Micro data processing"
"Rwanda","LFS - Labour Force Survey","Mean weekly hours actually worked per employee by sex","Female","2024",26.75,,,"Repository: ILO-STATISTICS - Micro data processing"
"Sudan","LFS - Labor Market Panel Survey","Mean weekly hours actually worked per employee by sex","Total","2022",48.94,"Break in series","Break in series: Methodology revised","Repository: ILO-STATISTICS - Micro data processing"
"Sudan","LFS - Labor Market Panel Survey","Mean weekly hours actually worked per employee by sex","Male","2022",49.89,"Break in series","Break in series: Methodology revised","Repository: ILO-STATISTICS - Micro data processing"
"Sudan","LFS - Labor Market Panel Survey","Mean weekly hours actually worked per employee by sex","Female","2022",42.76,"Break in series","Break in series: Methodology revised","Repository: ILO-STATISTICS - Micro data processing"
"Senegal","LFS - National Employment Survey","Mean weekly hours actually worked per employee by sex","Total","2024",50.86,,,"Repository: ILO-STATISTICS - Micro data processing"
"Senegal","LFS - National Employment Survey","Mean weekly hours actually worked per employee by sex","Male","2024",53.08,,,"Repository: ILO-STATISTICS - Micro data processing"
"Senegal","LFS - National Employment Survey","Mean weekly hours actually worked per employee by sex","Female","2024",44.33,,,"Repository: ILO-STATISTICS - Micro data processing"
"Solomon Islands","HIES - Household Income and Expenditure Survey","Mean weekly hours actually worked per employee by sex","Total","2013",42.02,,,"Repository: ILO-STATISTICS - Micro data processing"
"Solomon Islands","HIES - Household Income and Expenditure Survey","Mean weekly hours actually worked per employee by sex","Male","2013",42.61,,,"Repository: ILO-STATISTICS - Micro data processing"
"Solomon Islands","HIES - Household Income and Expenditure Survey","Mean weekly hours actually worked per employee by sex","Female","2013",40.75,,,"Repository: ILO-STATISTICS - Micro data processing"
"Sierra Leone","HS - Integrated Household Survey","Mean weekly hours actually worked per employee by sex","Total","2018",45.99,,,"Repository: ILO-STATISTICS - Micro data processing"
"Sierra Leone","HS - Integrated Household Survey","Mean weekly hours actually worked per employee by sex","Male","2018",47.08,,,"Repository: ILO-STATISTICS - Micro data processing"
"Sierra Leone","HS - Integrated Household Survey","Mean weekly hours actually worked per employee by sex","Female","2018",41.53,,,"Repository: ILO-STATISTICS - Micro data processing"
"El Salvador","HS - Multi-purpose Household Survey","Mean weekly hours actually worked per employee by sex","Total","2024",44.35,,,"Repository: ILO-STATISTICS - Micro data processing"
"El Salvador","HS - Multi-purpose Household Survey","Mean weekly hours actually worked per employee by sex","Male","2024",45.59,,,"Repository: ILO-STATISTICS - Micro data processing"
"El Salvador","HS - Multi-purpose Household Survey","Mean weekly hours actually worked per employee by sex","Female","2024",42.37,,,"Repository: ILO-STATISTICS - Micro data processing"
"Somalia","HIES - Integrated Household Budget Survey","Mean weekly hours actually worked per employee by sex","Total","2022",30.66,,,"Repository: ILO-STATISTICS - Micro data processing"
"Somalia","HIES - Integrated Household Budget Survey","Mean weekly hours actually worked per employee by sex","Male","2022",31.6,,,"Repository: ILO-STATISTICS - Micro data processing"
"Somalia","HIES - Integrated Household Budget Survey","Mean weekly hours actually worked per employee by sex","Female","2022",27.04,,,"Repository: ILO-STATISTICS - Micro data processing"
"Serbia","LFS - Labour Force Survey","Mean weekly hours actually worked per employee by sex","Total","2025",40.2,,,"Repository: ILO-STATISTICS - Micro data processing"
"Serbia","LFS - Labour Force Survey","Mean weekly hours actually worked per employee by sex","Male","2025",40.69,,,"Repository: ILO-STATISTICS - Micro data processing"
"Serbia","LFS - Labour Force Survey","Mean weekly hours actually worked per employee by sex","Female","2025",39.64,,,"Repository: ILO-STATISTICS - Micro data processing"
"Slovakia","LFS - Labour Force Survey","Mean weekly hours actually worked per employee by sex","Total","2023",36.85,,,"Repository: ILO-STATISTICS - Micro data processing"
"Slovakia","LFS - Labour Force Survey","Mean weekly hours actually worked per employee by sex","Male","2023",37.58,,,"Repository: ILO-STATISTICS - Micro data processing"
"Slovakia","LFS - Labour Force Survey","Mean weekly hours actually worked per employee by sex","Female","2023",36.05,,,"Repository: ILO-STATISTICS - Micro data processing"
"Slovenia","LFS - Labour Force Survey","Mean weekly hours actually worked per employee by sex","Total","2024",37.27,,,"Repository: ILO-STATISTICS - Micro data processing"
"Slovenia","LFS - Labour Force Survey","Mean weekly hours actually worked per employee by sex","Male","2024",38.15,,,"Repository: ILO-STATISTICS - Micro data processing"
"Slovenia","LFS - Labour Force Survey","Mean weekly hours actually worked per employee by sex","Female","2024",36.24,,,"Repository: ILO-STATISTICS - Micro data processing"
"Sweden","LFS - EU Labour Force Survey","Mean weekly hours actually worked per employee by sex","Total","2024",34.46,,,"Repository: ILO-STATISTICS - Micro data processing"
"Sweden","LFS - EU Labour Force Survey","Mean weekly hours actually worked per employee by sex","Male","2024",35.92,,,"Repository: ILO-STATISTICS - Micro data processing"
"Sweden","LFS - EU Labour Force Survey","Mean weekly hours actually worked per employee by sex","Female","2024",32.91,,,"Repository: ILO-STATISTICS - Micro data processing"
"Eswatini","LFS - Labour Force Survey","Mean weekly hours actually worked per employee by sex","Total","2023",45.98,,,"Repository: ILO-STATISTICS - Micro data processing"
"Eswatini","LFS - Labour Force Survey","Mean weekly hours actually worked per employee by sex","Male","2023",47.63,,,"Repository: ILO-STATISTICS - Micro data processing"
"Eswatini","LFS - Labour Force Survey","Mean weekly hours actually worked per employee by sex","Female","2023",44.1,,,"Repository: ILO-STATISTICS - Micro data processing"
"Seychelles","LFS - Labour Force Survey","Mean weekly hours actually worked per employee by sex","Total","2024",41.11,,,"Repository: ILO-STATISTICS - Micro data processing"
"Seychelles","LFS - Labour Force Survey","Mean weekly hours actually worked per employee by sex","Male","2024",43.3,,,"Repository: ILO-STATISTICS - Micro data processing"
"Seychelles","LFS - Labour Force Survey","Mean weekly hours actually worked per employee by sex","Female","2024",39.38,,,"Repository: ILO-STATISTICS - Micro data processing"
"Thailand","LFS - Labour Force Survey","Mean weekly hours actually worked per employee by sex","Total","2024",44.7,,,"Repository: ILO-STATISTICS - Micro data processing"
"Thailand","LFS - Labour Force Survey","Mean weekly hours actually worked per employee by sex","Male","2024",45.12,,,"Repository: ILO-STATISTICS - Micro data processing"
"Thailand","LFS - Labour Force Survey","Mean weekly hours actually worked per employee by sex","Female","2024",44.23,,,"Repository: ILO-STATISTICS - Micro data processing"
"Tajikistan","LFS - Labour Force Survey","Mean weekly hours actually worked per employee by sex","Total","2016",42.64,,,"Repository: ILO-STATISTICS - Micro data processing | Age coverage - maximum age: 75 years old"
"Tajikistan","LFS - Labour Force Survey","Mean weekly hours actually worked per employee by sex","Male","2016",45.31,,,"Repository: ILO-STATISTICS - Micro data processing | Age coverage - maximum age: 75 years old"
"Tajikistan","LFS - Labour Force Survey","Mean weekly hours actually worked per employee by sex","Female","2016",36.69,,,"Repository: ILO-STATISTICS - Micro data processing | Age coverage - maximum age: 75 years old"
"Tokelau","HIES - Household Income and Expenditure Survey","Mean weekly hours actually worked per employee by sex","Total","2016",37.77,,,"Repository: ILO-STATISTICS - Micro data processing"
"Tokelau","HIES - Household Income and Expenditure Survey","Mean weekly hours actually worked per employee by sex","Male","2016",37.62,,,"Repository: ILO-STATISTICS - Micro data processing"
"Tokelau","HIES - Household Income and Expenditure Survey","Mean weekly hours actually worked per employee by sex","Female","2016",37.96,,,"Repository: ILO-STATISTICS - Micro data processing"
"Timor-Leste","LFS - Labour Force Survey","Mean weekly hours actually worked per employee by sex","Total","2021",36.52,,,"Repository: ILO-STATISTICS - Micro data processing"
"Timor-Leste","LFS - Labour Force Survey","Mean weekly hours actually worked per employee by sex","Male","2021",37.71,,,"Repository: ILO-STATISTICS - Micro data processing"
"Timor-Leste","LFS - Labour Force Survey","Mean weekly hours actually worked per employee by sex","Female","2021",33.03,,,"Repository: ILO-STATISTICS - Micro data processing"
"Tonga","LFS - Labour Force Survey","Mean weekly hours actually worked per employee by sex","Total","2023",36.37,,,"Repository: ILO-STATISTICS - Micro data processing"
"Tonga","LFS - Labour Force Survey","Mean weekly hours actually worked per employee by sex","Male","2023",36.79,,,"Repository: ILO-STATISTICS - Micro data processing"
"Tonga","LFS - Labour Force Survey","Mean weekly hours actually worked per employee by sex","Female","2023",35.82,,,"Repository: ILO-STATISTICS - Micro data processing"
"Tunisia","HIES - National Survey on Household Budget and Consumption","Mean weekly hours actually worked per employee by sex","Total","2021",43.07,,,"Repository: ILO-STATISTICS - Micro data processing"
"Tunisia","HIES - National Survey on Household Budget and Consumption","Mean weekly hours actually worked per employee by sex","Male","2021",44.17,,,"Repository: ILO-STATISTICS - Micro data processing"
"Tunisia","HIES - National Survey on Household Budget and Consumption","Mean weekly hours actually worked per employee by sex","Female","2021",40.7,,,"Repository: ILO-STATISTICS - Micro data processing"
"Türkiye","LFS - Household Labour Force Survey","Mean weekly hours actually worked per employee by sex","Total","2024",43.91,,,"Repository: ILO-STATISTICS - Micro data processing"
"Türkiye","LFS - Household Labour Force Survey","Mean weekly hours actually worked per employee by sex","Male","2024",44.61,,,"Repository: ILO-STATISTICS - Micro data processing"
"Türkiye","LFS - Household Labour Force Survey","Mean weekly hours actually worked per employee by sex","Female","2024",42.49,,,"Repository: ILO-STATISTICS - Micro data processing"
"Tuvalu","PC - Population Census","Mean weekly hours actually worked per employee by sex","Total","2022",37.03,,,"Repository: ILO-STATISTICS - Micro data processing"
"Tuvalu","PC - Population Census","Mean weekly hours actually worked per employee by sex","Male","2022",37.73,,,"Repository: ILO-STATISTICS - Micro data processing"
"Tuvalu","PC - Population Census","Mean weekly hours actually worked per employee by sex","Female","2022",35.92,,,"Repository: ILO-STATISTICS - Micro data processing"
"Tanzania, United Republic of","LFS - Labour Force Survey","Mean weekly hours actually worked per employee by sex","Total","2024",54.29,"Break in series","Break in series: Methodology revised","Repository: ILO-STATISTICS - Micro data processing"
"Tanzania, United Republic of","LFS - Labour Force Survey","Mean weekly hours actually worked per employee by sex","Male","2024",55.34,"Break in series","Break in series: Methodology revised","Repository: ILO-STATISTICS - Micro data processing"
"Tanzania, United Republic of","LFS - Labour Force Survey","Mean weekly hours actually worked per employee by sex","Female","2024",52.37,"Break in series","Break in series: Methodology revised","Repository: ILO-STATISTICS - Micro data processing"
"Uganda","LFS - National Labour Force Survey","Mean weekly hours actually worked per employee by sex","Total","2021",50.31,,,"Repository: ILO-STATISTICS - Micro data processing"
"Uganda","LFS - National Labour Force Survey","Mean weekly hours actually worked per employee by sex","Male","2021",51.05,,,"Repository: ILO-STATISTICS - Micro data processing"
"Uganda","LFS - National Labour Force Survey","Mean weekly hours actually worked per employee by sex","Female","2021",48.51,,,"Repository: ILO-STATISTICS - Micro data processing"
"Uruguay","LFS - Continous Household Survey","Mean weekly hours actually worked per employee by sex","Total","2024",37.56,,,"Repository: ILO-STATISTICS - Micro data processing"
"Uruguay","LFS - Continous Household Survey","Mean weekly hours actually worked per employee by sex","Male","2024",40.72,,,"Repository: ILO-STATISTICS - Micro data processing"
"Uruguay","LFS - Continous Household Survey","Mean weekly hours actually worked per employee by sex","Female","2024",33.85,,,"Repository: ILO-STATISTICS - Micro data processing"
"United States of America","LFS - Current Population Survey","Mean weekly hours actually worked per employee by sex","Total","2025",37.75,"Break in series","Break in series: Methodology revised","Repository: ILO-STATISTICS - Micro data processing | Repository: Annual estimates for 2025 are 11-month averages that exclude October. Data for October 2025 were not collected due to the federal government shutdown | Age coverage - minimum age: 16 years old"
"United States of America","LFS - Current Population Survey","Mean weekly hours actually worked per employee by sex","Male","2025",39.56,"Break in series","Break in series: Methodology revised","Repository: ILO-STATISTICS - Micro data processing | Repository: Annual estimates for 2025 are 11-month averages that exclude October. Data for October 2025 were not collected due to the federal government shutdown | Age coverage - minimum age: 16 years old"
"United States of America","LFS - Current Population Survey","Mean weekly hours actually worked per employee by sex","Female","2025",35.72,"Break in series","Break in series: Methodology revised","Repository: ILO-STATISTICS - Micro data processing | Repository: Annual estimates for 2025 are 11-month averages that exclude October. Data for October 2025 were not collected due to the federal government shutdown | Age coverage - minimum age: 16 years old"
"Venezuela (Bolivarian Republic of)","LFS - Household Sample Survey","Mean weekly hours actually worked per employee by sex","Total","2017",39.63,,,"Repository: ILO-STATISTICS - Micro data processing"
"Venezuela (Bolivarian Republic of)","LFS - Household Sample Survey","Mean weekly hours actually worked per employee by sex","Male","2017",40.34,,,"Repository: ILO-STATISTICS - Micro data processing"
"Venezuela (Bolivarian Republic of)","LFS - Household Sample Survey","Mean weekly hours actually worked per employee by sex","Female","2017",38.72,,,"Repository: ILO-STATISTICS - Micro data processing"
"Viet Nam","LFS - Labour Force Survey","Mean weekly hours actually worked per employee by sex","Total","2024",45.76,,,"Repository: ILO-STATISTICS - Micro data processing"
"Viet Nam","LFS - Labour Force Survey","Mean weekly hours actually worked per employee by sex","Male","2024",45.99,,,"Repository: ILO-STATISTICS - Micro data processing"
"Viet Nam","LFS - Labour Force Survey","Mean weekly hours actually worked per employee by sex","Female","2024",45.46,,,"Repository: ILO-STATISTICS - Micro data processing"
"Vanuatu","PC - Population and Housing Census","Mean weekly hours actually worked per employee by sex","Total","2020",32.5,,,"Repository: ILO-STATISTICS - Micro data processing"
"Vanuatu","PC - Population and Housing Census","Mean weekly hours actually worked per employee by sex","Male","2020",32.69,,,"Repository: ILO-STATISTICS - Micro data processing"
"Vanuatu","PC - Population and Housing Census","Mean weekly hours actually worked per employee by sex","Female","2020",32.25,,,"Repository: ILO-STATISTICS - Micro data processing"
"Wallis and Futuna","HIES - Household Income and Expenditure Survey","Mean weekly hours actually worked per employee by sex","Total","2019",36.26,,,"Repository: ILO-STATISTICS - Micro data processing"
"Wallis and Futuna","HIES - Household Income and Expenditure Survey","Mean weekly hours actually worked per employee by sex","Male","2019",36.79,,,"Repository: ILO-STATISTICS - Micro data processing"
"Wallis and Futuna","HIES - Household Income and Expenditure Survey","Mean weekly hours actually worked per employee by sex","Female","2019",35.73,,,"Repository: ILO-STATISTICS - Micro data processing"
"Samoa","LFS - Labour Force Survey","Mean weekly hours actually worked per employee by sex","Total","2022",45.05,"Break in series","Break in series: Methodology revised","Repository: ILO-STATISTICS - Micro data processing"
"Samoa","LFS - Labour Force Survey","Mean weekly hours actually worked per employee by sex","Male","2022",45.74,"Break in series","Break in series: Methodology revised","Repository: ILO-STATISTICS - Micro data processing"
"Samoa","LFS - Labour Force Survey","Mean weekly hours actually worked per employee by sex","Female","2022",44.02,"Break in series","Break in series: Methodology revised","Repository: ILO-STATISTICS - Micro data processing"
"Yemen","LFS - Labour Force Survey","Mean weekly hours actually worked per employee by sex","Total","2014",41.37,"Break in series","Break in series: Methodology revised","Repository: ILO-STATISTICS - Micro data processing"
"Yemen","LFS - Labour Force Survey","Mean weekly hours actually worked per employee by sex","Male","2014",41.74,"Break in series","Break in series: Methodology revised","Repository: ILO-STATISTICS - Micro data processing"
"Yemen","LFS - Labour Force Survey","Mean weekly hours actually worked per employee by sex","Female","2014",33.22,"Break in series","Break in series: Methodology revised","Repository: ILO-STATISTICS - Micro data processing"
"South Africa","LFS - Quarterly Labour Force Survey","Mean weekly hours actually worked per employee by sex","Total","2024",42.39,,,"Repository: ILO-STATISTICS - Micro data processing"
"South Africa","LFS - Quarterly Labour Force Survey","Mean weekly hours actually worked per employee by sex","Male","2024",44.28,,,"Repository: ILO-STATISTICS - Micro data processing"
"South Africa","LFS - Quarterly Labour Force Survey","Mean weekly hours actually worked per employee by sex","Female","2024",40.16,,,"Repository: ILO-STATISTICS - Micro data processing"
"Zambia","LFS - Labour Force Survey","Mean weekly hours actually worked per employee by sex","Total","2024",45.84,,,"Repository: ILO-STATISTICS - Micro data processing"
"Zambia","LFS - Labour Force Survey","Mean weekly hours actually worked per employee by sex","Male","2024",47.36,,,"Repository: ILO-STATISTICS - Micro data processing"
"Zambia","LFS - Labour Force Survey","Mean weekly hours actually worked per employee by sex","Female","2024",42.59,,,"Repository: ILO-STATISTICS - Micro data processing"
"Zimbabwe","LFS - Labour Force Survey","Mean weekly hours actually worked per employee by sex","Total","2024",49.04,,,"Repository: ILO-STATISTICS - Micro data processing"
"Zimbabwe","LFS - Labour Force Survey","Mean weekly hours actually worked per employee by sex","Male","2024",50.31,,,"Repository: ILO-STATISTICS - Micro data processing"
"Zimbabwe","LFS - Labour Force Survey","Mean weekly hours actually worked per employee by sex","Female","2024",46.88,,,"Repository: ILO-STATISTICS - Micro data processing"
